0.793855,16384,8,1,16,268435456
3.30389,32768,64,2,2,1073741824
0.213838,2048,32,1,8,4194304
0.046653,2048,4,2,4,4194304
3.40752,32768,32,4,16,1073741824
0.806462,16384,16,1,16,268435456
0.199287,1024,32,2,8,1048576
0.0985767,2048,32,1,4,4194304
0.834502,16384,1,16,16,268435456
0.824029,16384,4,2,2,268435456
0.0421557,2048,1,8,8,4194304
0.161562,1024,16,4,16,1048576
0.140558,4096,16,1,8,16777216
2.73554,4096,64,32,16,16777216
0.10052,4096,16,8,4,16777216
0.0439527,2048,4,4,2,4194304
0.836324,16384,32,1,2,268435456
0.0990517,4096,2,32,16,16777216
0.195507,8192,4,4,16,67108864
2.82042,2048,64,4,16,4194304
0.0586107,2048,8,16,8,4194304
0.201536,8192,1,8,4,67108864
0.763609,16384,16,32,2,268435456
0.781678,16384,1,16,4,268435456
0.0430927,2048,1,32,16,4194304
3.44373,32768,32,64,16,1073741824
0.196137,8192,32,1,16,67108864
0.799724,16384,32,4,16,268435456
3.33892,32768,32,1,4,1073741824
0.799361,16384,2,64,4,268435456
0.00343667,1024,8,32,8,1048576
0.0028,1024,2,16,2,1048576
3.26446,32768,64,32,2,1073741824
0.195828,8192,2,32,16,67108864
0.181361,4096,64,16,2,16777216
1.00225,16384,2,1,2,268435456
3.29741,32768,2,32,2,1073741824
3.20193,32768,16,32,2,1073741824
3.354,32768,4,16,16,1073741824
0.202011,8192,4,4,2,67108864
0.137321,2048,64,32,2,4194304
0.143092,2048,64,4,2,4194304
3.3654,32768,4,4,16,1073741824
0.044912,2048,8,8,2,4194304
3.43237,32768,4,32,16,1073741824
0.0921907,4096,1,64,16,16777216
0.822398,4096,64,32,8,16777216
0.766168,1024,64,8,8,1048576
0.284249,2048,64,16,4,4194304
0.804271,16384,1,32,4,268435456
2.7113,2048,64,64,16,4194304
0.848526,4096,64,4,8,16777216
0.00356567,1024,8,4,16,1048576
0.335805,4096,64,1,4,16777216
3.37492,32768,1,8,16,1073741824
3.31985,32768,2,16,16,1073741824
0.0991777,2048,32,2,4,4194304
0.812361,16384,64,1,8,268435456
3.34884,32768,32,32,4,1073741824
0.571818,2048,32,2,16,4194304
0.0587693,2048,8,8,8,4194304
0.002744,1024,1,32,2,1048576
0.0806107,4096,4,16,2,16777216
0.129551,4096,8,8,16,16777216
0.20302,8192,1,1,16,67108864
0.059654,2048,16,64,4,4194304
0.104754,4096,4,4,16,16777216
0.00263767,1024,8,16,2,1048576
3.38246,32768,8,4,16,1073741824
0.821298,16384,2,4,4,268435456
0.0565633,2048,4,64,16,4194304
3.3708,32768,8,16,4,1073741824
0.160311,1024,16,8,16,1048576
0.169549,2048,16,32,16,4194304
3.39501,32768,32,16,8,1073741824
0.0953667,1024,32,2,4,1048576
3.33523,32768,16,16,2,1073741824
0.0879227,2048,16,32,8,4194304
0.04237,2048,1,32,8,4194304
0.00266333,1024,8,8,2,1048576
0.056226,2048,4,2,16,4194304
0.773982,1024,64,2,8,1048576
0.0395143,2048,1,16,4,4194304
3.283,32768,64,4,16,1073741824
0.080526,4096,2,32,2,16777216
0.133423,4096,8,4,16,16777216
3.28887,32768,2,8,2,1073741824
3.37064,32768,16,1,8,1073741824
0.831222,16384,1,64,2,268435456
0.0690587,2048,32,16,2,4194304
1.53604,1024,32,8,4,1048576
0.817371,16384,32,1,8,268435456
0.57373,1024,32,32,16,1048576
0.802535,16384,8,16,2,268435456
2.91299,4096,64,1,16,16777216
0.905327,16384,2,1,4,268435456
0.003458,1024,8,32,16,1048576
0.195684,8192,64,4,8,67108864
0.002569,1024,8,64,2,1048576
3.22258,32768,64,8,2,1073741824
0.00913167,1024,1,2,2,1048576
3.41631,32768,4,2,4,1073741824
3.36633,32768,1,32,4,1073741824
0.201343,8192,16,16,16,67108864
3.25831,32768,8,64,2,1073741824
0.198181,8192,16,4,16,67108864
0.800925,16384,1,2,16,268435456
0.0553383,2048,4,16,16,4194304
0.135309,4096,16,16,8,16777216
3.3838,32768,4,8,16,1073741824
0.770096,16384,8,8,4,268435456
0.33039,4096,64,16,4,16777216
0.182707,4096,64,32,2,16777216
0.795106,16384,64,2,4,268435456
0.15232,4096,32,1,4,16777216
0.192421,8192,16,4,2,67108864
0.173617,2048,16,1,16,4194304
0.193678,8192,16,2,4,67108864
3.2592,32768,64,32,4,1073741824
3.3244,32768,32,8,2,1073741824
0.197298,8192,64,1,2,67108864
0.0103967,1024,2,1,2,1048576
0.210284,8192,32,64,16,67108864
3.36374,32768,64,2,16,1073741824
0.831867,16384,4,4,2,268435456
0.0464513,2048,2,16,16,4194304
0.0477327,2048,8,2,2,4194304
0.082378,4096,1,64,4,16777216
0.115785,4096,16,1,4,16777216
3.3932,32768,32,1,16,1073741824
0.193164,8192,32,64,4,67108864
0.251041,4096,32,1,8,16777216
0.787566,16384,16,4,2,268435456
3.38942,32768,16,8,8,1073741824
0.00368833,1024,2,2,8,1048576
0.13429,1024,64,4,2,1048576
0.271139,1024,64,32,4,1048576
0.0703683,2048,32,32,2,4194304
3.27069,32768,16,2,2,1073741824
0.196272,8192,1,4,8,67108864
3.69349,32768,2,1,4,1073741824
0.047738,2048,8,32,4,4194304
0.190375,8192,32,16,2,67108864
0.196745,4096,64,1,2,16777216
0.327101,4096,64,4,4,16777216
0.793393,16384,16,8,2,268435456
0.793141,16384,2,64,8,268435456
3.28548,32768,16,8,4,1073741824
0.807317,16384,32,32,16,268435456
3.50499,32768,2,2,4,1073741824
0.0883677,4096,16,8,2,16777216
0.195923,8192,8,64,2,67108864
0.0489977,2048,4,2,2,4194304
0.00331767,1024,2,8,2,1048576
0.590003,4096,32,16,16,16777216
0.794763,16384,2,32,2,268435456
0.19203,8192,64,4,4,67108864
0.253718,4096,32,32,8,16777216
0.094703,4096,2,64,8,16777216
0.042516,2048,2,8,2,4194304
0.191792,8192,16,4,4,67108864
3.36394,32768,4,8,4,1073741824
0.0895423,4096,2,8,4,16777216
0.0421137,2048,1,4,8,4194304
0.783966,1024,64,4,8,1048576
0.196213,8192,8,4,16,67108864
0.046806,2048,2,32,16,4194304
0.003453,1024,4,4,2,1048576
0.192222,8192,2,8,4,67108864
0.0818993,2048,8,16,16,4194304
0.201551,8192,8,64,16,67108864
0.27609,1024,64,16,4,1048576
3.41531,32768,16,2,16,1073741824
0.0891857,4096,8,8,4,16777216
0.195639,8192,2,16,16,67108864
0.796082,16384,8,2,16,268435456
3.26352,32768,4,16,4,1073741824
0.135252,4096,16,64,8,16777216
3.3202,32768,4,32,2,1073741824
0.797904,16384,2,8,8,268435456
0.0556297,2048,2,1,4,4194304
0.0433347,2048,1,4,4,4194304
3.35103,32768,8,2,2,1073741824
0.823021,16384,16,16,16,268435456
0.191868,8192,2,16,2,67108864
0.145961,4096,32,4,4,16777216
0.173523,2048,16,2,16,4194304
3.34665,32768,4,64,4,1073741824
0.136874,4096,16,8,8,16777216
0.00514967,1024,2,1,8,1048576
3.43764,32768,1,4,8,1073741824
3.3946,32768,32,4,8,1073741824
0.0610653,2048,16,2,4,4194304
0.106775,4096,32,32,2,16777216
0.00356667,1024,4,4,8,1048576
0.261259,1024,64,64,4,1048576
0.268345,4096,32,4,8,16777216
0.136733,4096,16,4,8,16777216
3.30216,32768,32,4,2,1073741824
0.092928,4096,1,4,8,16777216
0.04339,2048,2,4,4,4194304
0.00370467,1024,1,8,2,1048576
0.0491453,2048,16,16,2,4194304
0.80061,16384,4,16,8,268435456
0.096991,4096,2,2,8,16777216
0.123858,4096,8,1,2,16777216
0.0986883,2048,32,32,4,4194304
0.003732,1024,4,2,4,1048576
0.00483,1024,1,1,16,1048576
3.7226,32768,2,2,2,1073741824
0.993077,16384,1,2,2,268435456
3.39538,32768,32,2,8,1073741824
2.77019,4096,64,16,16,16777216
3.40114,32768,1,16,16,1073741824
0.196837,8192,8,2,2,67108864
0.094653,4096,2,4,8,16777216
0.0577373,2048,16,1,2,4194304
0.833216,16384,2,2,4,268435456
0.111456,4096,4,2,2,16777216
3.45999,32768,4,1,16,1073741824
0.193482,8192,64,8,4,67108864
0.192701,8192,64,64,2,67108864
0.245861,4096,32,16,8,16777216
0.05289,1024,16,64,4,1048576
0.100906,4096,16,16,4,16777216
3.36518,32768,2,8,16,1073741824
0.779111,16384,32,32,4,268435456
0.129261,4096,8,32,16,16777216
0.047123,2048,2,2,16,4194304
0.820538,16384,8,64,8,268435456
0.213483,8192,4,1,2,67108864
3.42241,32768,1,2,16,1073741824
0.00323033,1024,8,32,4,1048576
0.0926533,1024,32,16,4,1048576
0.00349533,1024,2,4,4,1048576
0.199849,8192,1,64,16,67108864
0.191949,8192,4,32,4,67108864
0.00264333,1024,4,16,2,1048576
0.00644967,1024,2,2,2,1048576
0.0431273,2048,1,8,16,4194304
0.190017,8192,64,8,2,67108864
0.785114,16384,8,2,4,268435456
0.791077,16384,8,8,8,268435456
0.0443427,2048,2,64,8,4194304
3.24577,32768,8,8,2,1073741824
0.19125,8192,8,32,2,67108864
0.137592,4096,16,32,8,16777216
0.0491163,2048,8,2,4,4194304
3.29768,32768,64,32,8,1073741824
3.70195,32768,1,4,2,1073741824
0.195559,8192,64,32,8,67108864
0.195163,8192,32,16,16,67108864
0.192852,8192,32,4,4,67108864
0.043344,2048,4,32,4,4194304
0.79427,16384,64,16,16,268435456
0.0446427,1024,16,8,2,1048576
0.780873,16384,4,32,16,268435456
0.00330067,1024,1,8,8,1048576
0.044275,2048,4,64,4,4194304
0.199823,8192,2,1,16,67108864
0.830498,16384,2,1,8,268435456
0.328477,4096,64,2,4,16777216
0.0488683,2048,8,16,4,4194304
0.002957,1024,1,32,4,1048576
0.00306133,1024,8,4,2,1048576
0.00361433,1024,2,4,16,1048576
0.110096,4096,4,1,16,16777216
0.12561,4096,1,4,2,16777216
0.800733,16384,64,2,16,268435456
0.062586,1024,32,1,2,1048576
0.793931,16384,4,2,16,268435456
0.198027,8192,64,64,8,67108864
3.38416,32768,16,32,16,1073741824
0.789727,16384,32,32,2,268435456
2.63958,4096,64,8,16,16777216
0.817411,16384,2,32,8,268435456
0.537543,1024,32,64,16,1048576
0.25676,4096,32,8,8,16777216
0.587974,4096,32,8,16,16777216
3.37603,32768,64,1,2,1073741824
0.0482047,2048,4,16,8,4194304
0.0983137,4096,2,2,16,16777216
3.35791,32768,64,8,8,1073741824
0.00508833,1024,4,1,4,1048576
0.248281,4096,32,2,8,16777216
0.269472,1024,64,2,4,1048576
0.0452947,2048,2,2,8,4194304
0.00353767,1024,4,64,16,1048576
0.136813,2048,64,16,2,4194304
0.00294033,1024,4,32,4,1048576
0.589292,2048,32,1,16,4194304
0.093009,4096,1,16,16,16777216
4.04916,32768,1,1,4,1073741824
0.198872,8192,4,16,8,67108864
0.0519667,1024,16,32,4,1048576
0.0427967,2048,8,64,2,4194304
0.089162,4096,16,64,2,16777216
0.098243,4096,4,2,8,16777216
0.0393813,2048,1,64,4,4194304
0.134921,4096,8,1,16,16777216
0.064843,1024,32,64,2,1048576
0.04814,2048,2,4,2,4194304
0.0392517,2048,2,32,2,4194304
0.00354467,1024,4,16,8,1048576
0.807111,16384,8,32,4,268435456
0.168611,2048,16,8,16,4194304
3.26728,32768,2,64,4,1073741824
0.004595,1024,2,2,4,1048576
0.195154,8192,64,4,16,67108864
0.093317,1024,32,4,4,1048576
0.192069,8192,32,16,4,67108864
0.142188,4096,32,8,4,16777216
0.0979267,4096,2,4,16,16777216
0.792218,16384,1,16,2,268435456
0.0847477,4096,4,8,2,16777216
0.195667,8192,1,8,16,67108864
0.812522,16384,32,16,16,268435456
0.0917333,4096,2,4,4,16777216
0.097267,4096,1,4,16,16777216
3.40802,32768,16,4,8,1073741824
0.0797283,2048,8,32,16,4194304
0.0439157,2048,8,32,2,4194304
0.003537,1024,2,64,16,1048576
0.0865697,4096,1,16,2,16777216
0.86946,16384,1,4,2,268435456
3.40389,32768,64,64,16,1073741824
0.819277,16384,64,32,16,268435456
0.1958,8192,8,4,8,67108864
0.186633,4096,64,2,2,16777216
3.34236,32768,4,16,8,1073741824
0.201853,8192,2,2,4,67108864
0.174061,2048,16,64,16,4194304
0.219599,4096,16,2,16,16777216
0.003512,1024,4,2,16,1048576
0.187554,1024,32,64,8,1048576
3.31578,32768,64,4,2,1073741824
0.768755,16384,8,32,2,268435456
0.278046,2048,64,4,4,4194304
3.32094,32768,8,32,4,1073741824
0.196823,8192,16,16,8,67108864
3.2533,32768,64,2,4,1073741824
0.285034,4096,1,1,2,16777216
0.821014,2048,64,1,8,4194304
3.29999,32768,32,4,4,1073741824
3.35283,32768,4,8,2,1073741824
0.194394,8192,8,2,4,67108864
0.196246,8192,8,1,16,67108864
0.0862853,4096,4,64,4,16777216
0.268458,1024,64,8,4,1048576
4.75289,32768,1,1,2,1073741824
0.170965,2048,16,4,16,4194304
0.797872,16384,64,16,4,268435456
0.0388737,2048,1,32,2,4194304
3.2224,32768,16,32,4,1073741824
0.192403,8192,8,8,4,67108864
0.196256,8192,32,4,8,67108864
0.0683827,2048,32,64,2,4194304
0.006413,1024,1,1,8,1048576
3.23933,32768,1,16,4,1073741824
0.195346,8192,32,32,8,67108864
0.0824297,4096,8,32,2,16777216
0.203789,8192,1,4,4,67108864
2.61686,1024,64,64,16,1048576
3.3597,32768,4,2,16,1073741824
0.195058,8192,16,8,16,67108864
4.1062,32768,1,2,2,1073741824
3.41474,32768,8,64,16,1073741824
0.111343,4096,32,4,2,16777216
3.42223,32768,2,32,16,1073741824
0.0407453,2048,2,16,2,4194304
0.885475,16384,4,1,2,268435456
0.195264,8192,16,2,2,67108864
3.29723,32768,16,4,4,1073741824
0.196265,8192,2,8,16,67108864
0.797121,16384,8,1,8,268435456
0.208023,8192,4,8,16,67108864
0.0440843,2048,2,16,8,4194304
0.195601,8192,1,16,16,67108864
0.0476157,2048,8,64,4,4194304
0.190401,8192,8,8,2,67108864
3.36671,32768,1,16,2,1073741824
0.796464,16384,2,64,16,268435456
3.26106,32768,16,2,4,1073741824
0.196726,8192,4,1,16,67108864
3.35844,32768,16,16,4,1073741824
2.75196,4096,64,4,16,16777216
3.34458,32768,16,32,8,1073741824
0.064085,2048,1,2,2,4194304
0.192865,8192,64,16,4,67108864
0.106265,4096,8,64,8,16777216
0.790899,16384,64,64,8,268435456
0.0650403,1024,32,4,2,1048576
3.41051,32768,1,8,4,1073741824
0.192316,8192,32,2,4,67108864
0.776263,2048,64,64,8,4194304
0.813622,16384,2,8,16,268435456
3.36057,32768,16,16,8,1073741824
0.090869,1024,32,1,4,1048576
0.003789,1024,8,1,16,1048576
0.0861427,4096,4,8,4,16777216
3.38518,32768,32,32,8,1073741824
0.0694067,1024,32,16,2,1048576
0.195895,8192,64,16,16,67108864
3.29348,32768,32,64,4,1073741824
0.185544,4096,1,1,4,16777216
0.196085,8192,8,16,4,67108864
3.36673,32768,2,32,4,1073741824
0.106031,4096,8,4,8,16777216
0.807964,16384,4,8,2,268435456
0.192338,8192,4,64,4,67108864
3.27927,32768,16,8,2,1073741824
0.191886,8192,1,32,4,67108864
0.0992697,4096,1,8,2,16777216
0.837356,16384,64,1,4,268435456
0.190789,8192,32,8,2,67108864
0.159289,1024,16,16,16,1048576
0.783291,16384,8,64,2,268435456
0.203718,8192,16,1,16,67108864
0.0447233,2048,8,16,2,4194304
3.46537,32768,4,64,16,1073741824
0.0493143,2048,16,64,2,4194304
0.197189,8192,8,16,8,67108864
0.786259,16384,16,64,4,268435456
0.10168,2048,32,4,4,4194304
0.810824,16384,2,8,2,268435456
0.824219,16384,64,32,8,268435456
0.790494,16384,32,8,16,268435456
0.845636,16384,32,64,16,268435456
0.196415,8192,64,16,8,67108864
0.81928,16384,2,32,16,268435456
0.0982467,4096,4,16,8,16777216
3.38102,32768,64,32,16,1073741824
0.0403593,2048,1,16,2,4194304
0.072502,2048,32,1,2,4194304
3.54819,32768,8,1,2,1073741824
0.051448,1024,16,16,4,1048576
0.761993,2048,64,8,8,4194304
0.776795,16384,16,16,2,268435456
0.00351567,1024,1,2,16,1048576
0.198695,8192,8,1,4,67108864
0.0884397,2048,16,2,8,4194304
0.205222,8192,2,32,4,67108864
0.00461333,1024,4,2,2,1048576
0.0904623,4096,8,4,4,16777216
0.0550847,2048,4,4,16,4194304
0.0781847,1024,16,8,8,1048576
0.800443,16384,8,16,4,268435456
0.00353067,1024,1,64,8,1048576
0.598485,4096,32,1,16,16777216
0.0518207,1024,16,4,4,1048576
0.810618,16384,16,1,4,268435456
0.195575,8192,2,64,8,67108864
0.003438,1024,8,64,8,1048576
0.0519473,2048,1,1,8,4194304
0.129331,4096,8,64,16,16777216
0.816846,16384,16,16,4,268435456
0.0636557,2048,1,1,4,4194304
0.00353233,1024,8,16,16,1048576
0.00356433,1024,4,8,8,1048576
0.106104,4096,4,2,16,16777216
0.00293767,1024,4,8,4,1048576
0.09914,2048,32,16,4,4194304
0.821363,16384,32,1,4,268435456
3.32923,32768,2,4,4,1073741824
0.100743,4096,8,2,2,16777216
0.119246,4096,2,1,8,16777216
0.547258,2048,32,4,16,4194304
0.837457,16384,2,1,16,268435456
0.0412103,2048,2,16,4,4194304
0.771988,2048,64,2,8,4194304
0.813112,16384,32,2,8,268435456
3.3882,32768,2,2,8,1073741824
0.805556,16384,32,8,8,268435456
0.800428,16384,16,64,2,268435456
0.0944933,4096,2,8,8,16777216
0.829674,16384,8,64,16,268435456
0.192384,8192,4,16,4,67108864
0.002963,1024,8,8,4,1048576
0.0429787,2048,1,16,16,4194304
0.0437743,1024,16,32,2,1048576
0.209689,2048,32,8,8,4194304
0.050805,2048,16,4,2,4194304
3.72857,32768,1,2,4,1073741824
0.222874,4096,16,8,16,16777216
0.852215,16384,64,64,16,268435456
0.767636,16384,32,2,4,268435456
0.20508,8192,64,64,16,67108864
0.195581,8192,2,8,2,67108864
0.794778,16384,64,64,2,268435456
0.214018,8192,1,1,8,67108864
0.79651,16384,1,8,16,268435456
0.193307,8192,8,4,2,67108864
0.788247,16384,64,4,2,268435456
0.798913,16384,1,16,8,268435456
0.194876,8192,4,32,16,67108864
0.00433433,1024,8,1,4,1048576
0.098504,4096,4,8,8,16777216
0.003585,1024,4,32,8,1048576
0.786522,16384,4,1,16,268435456
3.4741,32768,1,2,8,1073741824
3.38681,32768,8,64,4,1073741824
0.00293967,1024,2,8,4,1048576
3.38705,32768,16,8,16,1073741824
0.799192,16384,32,16,8,268435456
0.077209,1024,16,16,8,1048576
0.00351467,1024,2,32,16,1048576
0.0570113,2048,4,8,16,4194304
0.131798,4096,1,2,4,16777216
0.139028,2048,64,64,2,4194304
0.003871,1024,16,1,4,1048576
0.097142,4096,2,64,16,16777216
0.00932233,1024,1,1,4,1048576
0.04807,2048,4,8,8,4194304
2.80289,1024,64,8,16,1048576
0.192763,8192,64,2,2,67108864
0.0546957,2048,8,1,2,4194304
0.198983,8192,8,8,8,67108864
0.196036,8192,16,32,8,67108864
0.821082,16384,4,1,8,268435456
3.38464,32768,64,1,4,1073741824
0.801674,16384,2,64,2,268435456
0.0382193,2048,1,64,2,4194304
0.997937,16384,1,1,4,268435456
0.196287,8192,2,4,8,67108864
0.003519,1024,4,8,16,1048576
0.120585,4096,4,1,4,16777216
0.776578,16384,4,16,4,268435456
0.0969457,4096,8,2,4,16777216
0.00262567,1024,4,32,2,1048576
0.0430583,2048,4,4,4,4194304
0.275435,2048,64,1,4,4194304
3.31415,32768,32,8,4,1073741824
0.0447007,1024,16,64,2,1048576
0.19157,8192,32,4,2,67108864
0.00319633,1024,2,32,4,1048576
0.803673,16384,64,4,4,268435456
3.31546,32768,1,64,2,1073741824
0.193836,8192,32,8,4,67108864
0.00361767,1024,8,4,8,1048576
0.142907,2048,64,2,2,4194304
0.0922713,4096,1,64,8,16777216
0.193794,8192,16,64,4,67108864
0.109446,4096,32,16,2,16777216
0.003358,1024,1,16,16,1048576
0.795646,16384,8,2,8,268435456
0.0827633,2048,8,2,16,4194304
3.27206,32768,32,16,2,1073741824
0.0479823,2048,4,2,8,4194304
0.146382,4096,32,2,4,16777216
0.00397633,1024,1,4,4,1048576
0.810112,16384,4,8,16,268435456
0.544478,1024,32,16,16,1048576
0.00304167,1024,2,16,4,1048576
0.252358,4096,32,64,8,16777216
0.78696,16384,1,4,16,268435456
0.0840137,2048,8,8,16,4194304
0.161787,1024,16,32,16,1048576
3.31956,32768,64,4,8,1073741824
0.823948,16384,16,8,8,268435456
0.273654,2048,64,2,4,4194304
0.0425533,2048,1,64,8,4194304
0.109091,4096,2,1,16,16777216
0.214351,8192,1,2,4,67108864
3.26411,32768,32,16,4,1073741824
3.39804,32768,8,32,8,1073741824
0.039635,2048,1,32,4,4194304
0.005542,1024,8,1,2,1048576
3.31148,32768,64,8,4,1073741824
0.0969377,4096,2,16,16,16777216
0.197701,8192,32,8,16,67108864
0.81236,16384,16,2,4,268435456
0.779679,1024,64,32,8,1048576
0.0542813,1024,16,2,4,1048576
0.145563,4096,2,1,4,16777216
0.00354933,1024,1,32,16,1048576
0.195847,8192,16,64,8,67108864
0.554061,2048,32,16,16,4194304
0.00354067,1024,1,64,16,1048576
3.49518,32768,1,4,4,1073741824
0.769957,2048,64,4,8,4194304
0.204952,2048,32,4,8,4194304
0.00434433,1024,4,1,8,1048576
0.828431,4096,64,2,8,16777216
0.195693,8192,4,16,16,67108864
2.71532,1024,64,16,16,1048576
0.220168,4096,16,4,16,16777216
0.192021,8192,1,32,2,67108864
0.104276,4096,16,2,2,16777216
0.207681,1024,32,8,8,1048576
3.53124,32768,1,1,16,1073741824
0.196607,8192,8,64,8,67108864
3.44599,32768,16,1,4,1073741824
0.138132,4096,1,1,8,16777216
0.551875,1024,32,2,16,1048576
0.08751,4096,1,8,4,16777216
0.0601737,2048,16,4,4,4194304
3.34562,32768,16,1,16,1073741824
0.827148,16384,1,64,16,268435456
0.790804,16384,64,4,8,268435456
0.00358,1024,4,16,16,1048576
3.41993,32768,1,4,16,1073741824
0.208201,8192,4,1,4,67108864
3.37327,32768,16,4,16,1073741824
0.195695,8192,4,64,8,67108864
0.199037,8192,2,32,8,67108864
0.822063,16384,16,16,8,268435456
0.088706,2048,16,1,8,4194304
0.198578,8192,4,8,2,67108864
0.808859,16384,16,2,8,268435456
0.00262767,1024,2,64,2,1048576
0.823402,16384,16,2,16,268435456
0.196471,8192,16,2,16,67108864
0.195782,8192,2,2,16,67108864
0.786398,4096,64,1,8,16777216
0.330734,4096,64,8,4,16777216
0.765418,16384,8,8,2,268435456
2.76034,4096,64,64,16,16777216
3.32325,32768,64,4,4,1073741824
0.19882,8192,16,1,4,67108864
0.05626,2048,4,1,16,4194304
3.72343,32768,4,1,2,1073741824
0.0818687,4096,8,64,2,16777216
3.29837,32768,16,16,16,1073741824
0.0409223,2048,4,32,2,4194304
0.19544,8192,64,32,16,67108864
0.196244,8192,64,8,16,67108864
0.195514,8192,1,8,8,67108864
0.834665,16384,4,4,8,268435456
0.809397,16384,32,2,16,268435456
0.804627,16384,8,1,4,268435456
3.3857,32768,8,16,8,1073741824
0.195718,8192,32,64,8,67108864
0.060611,2048,16,32,4,4194304
0.0388597,2048,2,64,2,4194304
0.197571,8192,16,8,4,67108864
0.783433,16384,64,4,16,268435456
0.00354767,1024,4,2,8,1048576
0.191051,8192,4,16,2,67108864
0.816943,16384,1,8,2,268435456
0.78215,2048,64,16,8,4194304
3.39772,32768,64,1,8,1073741824
0.190345,8192,8,16,2,67108864
0.826041,16384,4,2,8,268435456
0.00362067,1024,2,16,8,1048576
0.192286,8192,4,4,4,67108864
0.558369,2048,32,32,16,4194304
0.0776183,1024,16,2,8,1048576
0.080254,4096,4,64,2,16777216
0.604222,4096,32,2,16,16777216
1.17761,16384,1,1,2,268435456
0.00352467,1024,1,32,8,1048576
0.132793,1024,64,2,2,1048576
3.44727,32768,8,1,8,1073741824
0.09215,4096,16,4,2,16777216
0.196364,8192,32,1,4,67108864
0.0407803,2048,2,64,4,4194304
0.833091,16384,2,4,16,268435456
0.00353267,1024,2,64,8,1048576
0.140583,4096,32,16,4,16777216
0.092925,2048,1,1,2,4194304
0.115249,4096,1,1,16,16777216
0.304326,8192,1,1,2,67108864
0.106022,4096,4,8,16,16777216
0.0495703,2048,16,8,2,4194304
3.3721,32768,2,64,8,1073741824
0.10611,4096,2,4,2,16777216
0.851182,16384,2,4,2,268435456
0.794892,2048,64,32,8,4194304
0.0803873,4096,4,32,2,16777216
3.38703,32768,1,64,8,1073741824
0.0787297,4096,2,64,2,16777216
3.39854,32768,32,8,8,1073741824
0.820078,16384,4,2,4,268435456
0.00347633,1024,8,64,16,1048576
0.10642,4096,8,16,8,16777216
3.38276,32768,2,64,16,1073741824
0.0507783,2048,2,1,8,4194304
0.0934467,1024,32,64,4,1048576
0.00293567,1024,4,64,4,1048576
0.199067,8192,1,64,8,67108864
0.198496,8192,2,8,8,67108864
0.196568,8192,32,4,16,67108864
0.755045,16384,4,32,2,268435456
0.003567,1024,8,16,8,1048576
3.34593,32768,16,2,8,1073741824
0.78444,1024,64,16,8,1048576
0.170451,2048,16,16,16,4194304
0.0787577,1024,16,64,8,1048576
0.787453,16384,8,16,16,268435456
0.793383,16384,8,4,8,268435456
0.0424107,2048,1,16,8,4194304
0.811261,16384,16,64,8,268435456
0.899302,16384,2,2,2,268435456
0.782686,16384,16,4,8,268435456
0.196029,8192,4,64,2,67108864
0.197735,8192,2,16,8,67108864
0.0822753,2048,8,64,16,4194304
2.70876,2048,64,2,16,4194304
3.33697,32768,2,4,16,1073741824
0.196985,8192,2,2,8,67108864
0.193444,8192,64,2,4,67108864
3.25307,32768,64,64,2,1073741824
3.29252,32768,64,16,4,1073741824
3.40447,32768,8,8,8,1073741824
0.00299033,1024,4,16,4,1048576
0.823746,16384,16,2,2,268435456
3.40359,32768,16,64,8,1073741824
0.089401,4096,8,64,4,16777216
0.003323,1024,1,8,16,1048576
0.109836,4096,32,8,2,16777216
0.0972007,4096,4,32,8,16777216
0.761597,16384,4,32,4,268435456
0.198584,8192,8,32,4,67108864
0.0587557,2048,8,2,8,4194304
0.778616,16384,64,8,16,268435456
0.195014,8192,32,2,16,67108864
0.120348,4096,32,2,2,16777216
0.790466,16384,32,64,4,268435456
0.089637,4096,8,16,4,16777216
0.110379,4096,2,2,4,16777216
0.0875913,4096,4,4,4,16777216
0.277825,2048,64,64,4,4194304
0.092371,4096,1,32,8,16777216
0.19728,8192,64,1,16,67108864
0.133653,1024,64,8,2,1048576
3.42272,32768,8,4,8,1073741824
0.787158,16384,32,4,4,268435456
0.0706197,2048,32,4,2,4194304
0.070132,2048,2,1,2,4194304
0.205163,8192,2,1,8,67108864
0.202046,8192,4,2,2,67108864
0.109412,4096,4,1,8,16777216
0.199576,8192,32,32,2,67108864
3.37476,32768,32,16,16,1073741824
0.798605,16384,1,8,8,268435456
0.0838407,4096,8,8,2,16777216
0.0981257,4096,1,16,8,16777216
0.836574,16384,32,64,8,268435456
0.043431,2048,1,8,2,4194304
0.214094,8192,2,1,4,67108864
0.004387,1024,2,4,2,1048576
0.781717,16384,16,8,4,268435456
3.28427,32768,16,64,2,1073741824
0.195647,8192,1,16,8,67108864
0.193084,8192,4,8,4,67108864
0.181937,4096,1,2,2,16777216
3.4361,32768,8,8,16,1073741824
0.202806,8192,16,64,16,67108864
3.40825,32768,8,32,16,1073741824
0.192932,1024,32,1,8,1048576
0.00281933,1024,8,64,4,1048576
3.55573,32768,2,1,8,1073741824
0.060948,2048,8,1,8,4194304
0.00356033,1024,8,2,16,1048576
3.46377,32768,4,1,8,1073741824
0.771847,16384,4,16,2,268435456
0.197174,8192,1,2,16,67108864
0.821227,16384,2,16,8,268435456
0.797555,16384,64,1,2,268435456
0.0463497,2048,8,4,2,4194304
0.107097,4096,32,64,2,16777216
0.0699733,2048,32,2,2,4194304
3.56032,32768,4,1,4,1073741824
0.143088,2048,64,1,2,4194304
0.778559,16384,8,4,4,268435456
0.815544,16384,2,4,8,268435456
0.0481573,2048,4,4,8,4194304
0.00287033,1024,1,16,4,1048576
0.00430933,1024,2,1,16,1048576
0.250931,8192,1,1,4,67108864
0.190601,8192,1,64,2,67108864
0.599883,4096,32,64,16,16777216
0.00394233,1024,8,1,8,1048576
0.106332,4096,4,16,16,16777216
0.148145,4096,4,1,2,16777216
0.0954643,4096,1,2,16,16777216
3.33542,32768,64,64,8,1073741824
0.0902933,4096,2,8,2,16777216
0.00293233,1024,4,8,2,1048576
0.190885,8192,64,4,2,67108864
0.194233,8192,2,4,16,67108864
0.796017,16384,32,8,2,268435456
3.28718,32768,4,64,2,1073741824
0.0957283,4096,2,32,8,16777216
0.894185,16384,1,2,4,268435456
0.0597793,2048,16,16,4,4194304
0.003508,1024,1,4,16,1048576
0.782365,16384,32,2,2,268435456
0.078068,1024,16,32,8,1048576
0.196125,8192,16,2,8,67108864
0.0456897,2048,1,2,8,4194304
0.840445,16384,16,1,2,268435456
0.0863567,4096,4,16,4,16777216
0.0851523,2048,16,8,8,4194304
0.0776557,4096,1,64,2,16777216
0.822091,16384,8,32,8,268435456
0.0526677,1024,16,8,4,1048576
0.0498943,2048,2,1,16,4194304
0.190547,8192,16,64,2,67108864
3.49955,32768,16,64,16,1073741824
0.0436217,2048,1,4,16,4194304
3.34778,32768,64,64,4,1073741824
0.0435427,1024,16,16,2,1048576
0.04057,2048,1,8,4,4194304
0.0886773,4096,16,16,2,16777216
3.31967,32768,8,8,4,1073741824
0.191609,8192,16,32,2,67108864
0.793771,16384,8,2,2,268435456
0.00255367,1024,8,32,2,1048576
2.7574,1024,64,1,16,1048576
0.101266,4096,16,4,4,16777216
0.798748,16384,32,16,4,268435456
0.139909,4096,2,2,2,16777216
0.195555,8192,64,8,8,67108864
3.4028,32768,1,8,8,1073741824
0.00352633,1024,8,2,8,1048576
0.789194,16384,4,4,4,268435456
0.106939,4096,16,2,4,16777216
0.201768,2048,32,16,8,4194304
0.824197,16384,8,32,16,268435456
0.835891,16384,16,64,16,268435456
0.190391,8192,4,32,2,67108864
0.085178,4096,8,16,2,16777216
0.195136,8192,1,32,16,67108864
3.37849,32768,64,16,16,1073741824
3.29566,32768,8,4,2,1073741824
0.0506447,2048,4,1,8,4194304
0.787478,16384,16,4,4,268435456
0.822431,16384,1,64,8,268435456
0.0406827,2048,2,32,4,4194304
0.083088,4096,2,16,4,16777216
0.0479563,2048,2,2,4,4194304
0.0636707,1024,32,8,2,1048576
0.00395033,1024,4,1,16,1048576
0.0940203,4096,1,8,16,16777216
0.00352333,1024,2,8,16,1048576
0.0431897,2048,4,64,2,4194304
0.192709,8192,64,32,4,67108864
0.106451,4096,8,32,8,16777216
3.32254,32768,1,16,8,1073741824
0.0638797,2048,16,1,4,4194304
0.805123,16384,16,32,16,268435456
0.0810853,2048,8,1,16,4194304
0.789936,16384,16,4,16,268435456
0.195233,8192,4,2,16,67108864
0.132629,1024,64,64,2,1048576
0.214626,8192,2,2,2,67108864
0.043073,2048,4,8,4,4194304
0.770296,16384,4,64,2,268435456
0.794413,16384,2,16,4,268435456
0.195437,8192,64,2,8,67108864
0.0416947,2048,2,8,4,4194304
0.656651,4096,32,32,16,16777216
0.848064,16384,1,1,16,268435456
0.636548,4096,32,4,16,16777216
0.0481457,2048,4,32,8,4194304
0.758209,16384,64,8,2,268435456
0.20139,2048,32,64,8,4194304
0.206197,8192,8,1,8,67108864
4.05167,32768,2,1,2,1073741824
0.0842423,4096,2,32,4,16777216
0.093441,1024,32,32,4,1048576
3.30137,32768,32,2,4,1073741824
0.200093,8192,4,64,16,67108864
0.200115,8192,32,32,4,67108864
0.779824,1024,64,1,8,1048576
0.051388,2048,1,2,4,4194304
0.196676,8192,32,32,16,67108864
0.8491,16384,1,4,4,268435456
0.195798,8192,8,2,8,67108864
0.193436,8192,64,64,4,67108864
3.32312,32768,8,32,2,1073741824
0.196806,8192,64,1,8,67108864
0.193278,8192,32,2,2,67108864
0.0941197,4096,1,32,16,16777216
0.274959,2048,64,8,4,4194304
0.816086,16384,64,1,16,268435456
0.833127,16384,64,2,8,268435456
3.37165,32768,32,8,16,1073741824
0.067533,1024,32,2,2,1048576
0.093202,4096,1,8,8,16777216
2.68744,1024,64,2,16,1048576
3.3612,32768,4,4,4,1073741824
0.191506,8192,16,16,2,67108864
0.791172,16384,2,2,8,268435456
3.35216,32768,64,16,8,1073741824
0.19183,8192,2,64,4,67108864
0.0570487,2048,4,1,2,4194304
0.0772067,1024,16,4,8,1048576
0.00376433,1024,16,1,8,1048576
0.005843,1024,1,2,4,1048576
3.38748,32768,4,2,8,1073741824
0.0527543,2048,8,1,4,4194304
0.0516143,2048,16,32,2,4194304
3.366,32768,2,16,2,1073741824
0.773789,16384,32,16,2,268435456
0.550363,2048,32,64,16,4194304
3.42396,32768,8,64,8,1073741824
0.201857,8192,2,4,2,67108864
0.131392,1024,64,1,2,1048576
0.00354467,1024,16,1,16,1048576
0.0473417,2048,2,8,16,4194304
0.75103,1024,64,64,8,1048576
0.129286,4096,32,1,2,16777216
3.3906,32768,64,2,8,1073741824
0.81758,16384,2,8,4,268435456
0.195142,8192,16,8,8,67108864
0.194014,1024,32,16,8,1048576
0.196146,8192,32,16,8,67108864
0.760432,16384,64,16,2,268435456
0.194724,8192,1,16,2,67108864
0.00430767,1024,1,2,8,1048576
0.0895203,4096,8,32,4,16777216
3.47874,32768,16,1,2,1073741824
0.200787,8192,1,8,2,67108864
0.200813,8192,4,1,8,67108864
0.8286,16384,8,1,2,268435456
0.822548,16384,4,8,4,268435456
0.239723,8192,1,2,2,67108864
0.788675,16384,64,32,2,268435456
0.191143,8192,16,8,2,67108864
0.0644017,1024,32,32,2,1048576
0.789627,16384,4,8,8,268435456
0.859093,16384,4,1,4,268435456
0.0465853,2048,2,4,16,4194304
3.40174,32768,4,8,8,1073741824
0.788713,16384,32,8,4,268435456
0.0578457,2048,8,32,8,4194304
0.275932,1024,64,4,4,1048576
0.0847147,2048,16,16,8,4194304
3.35447,32768,2,16,8,1073741824
0.00290833,1024,1,64,4,1048576
0.130254,4096,8,16,16,16777216
0.207855,8192,1,2,8,67108864
0.0969147,4096,2,8,16,16777216
0.003762,1024,8,2,2,1048576
0.0992047,4096,4,2,4,16777216
0.828021,16384,2,16,16,268435456
3.36534,32768,32,2,2,1073741824
0.8202,16384,1,32,8,268435456
3.33242,32768,16,4,2,1073741824
0.0169783,1024,1,1,2,1048576
0.003517,1024,2,4,8,1048576
0.804786,16384,2,32,4,268435456
0.182642,4096,64,4,2,16777216
0.81474,16384,32,4,8,268435456
0.00292933,1024,8,16,4,1048576
3.33565,32768,8,2,16,1073741824
0.0445833,2048,2,4,8,4194304
0.118516,4096,16,1,2,16777216
0.137474,4096,16,2,8,16777216
0.143213,4096,32,64,4,16777216
0.196855,8192,4,32,8,67108864
3.70955,32768,1,1,8,1073741824
3.43841,32768,8,16,16,1073741824
0.0824303,4096,1,32,4,16777216
3.30452,32768,8,16,2,1073741824
0.0807883,2048,8,4,16,4194304
0.806861,16384,16,32,8,268435456
0.162018,1024,16,2,16,1048576
0.196477,8192,32,1,8,67108864
0.190936,8192,64,32,2,67108864
0.105563,4096,4,32,16,16777216
0.0984223,4096,4,4,8,16777216
0.795027,16384,16,8,16,268435456
0.00293033,1024,8,4,4,1048576
3.40996,32768,32,32,16,1073741824
0.789308,16384,4,16,16,268435456
0.778657,16384,4,4,16,268435456
0.102105,4096,16,64,4,16777216
0.201324,8192,16,1,2,67108864
3.25079,32768,4,32,4,1073741824
0.792014,16384,1,8,4,268435456
0.107758,4096,8,2,8,16777216
2.76358,2048,64,8,16,4194304
0.197676,8192,8,4,4,67108864
3.36888,32768,64,8,16,1073741824
0.0511387,2048,4,1,4,4194304
0.0842197,4096,2,64,4,16777216
0.812426,16384,1,32,2,268435456
0.83819,4096,64,64,8,16777216
0.797455,4096,64,8,8,16777216
0.00442667,1024,16,1,2,1048576
0.790897,16384,64,8,8,268435456
0.107593,4096,8,8,8,16777216
0.191273,8192,2,32,2,67108864
3.36103,32768,2,16,4,1073741824
3.34989,32768,4,4,8,1073741824
3.37438,32768,2,8,4,1073741824
0.905244,16384,1,1,8,268435456
0.791926,4096,64,16,8,16777216
0.00335533,1024,8,2,4,1048576
0.194326,8192,16,32,4,67108864
0.76914,16384,32,4,2,268435456
0.785832,16384,64,32,4,268435456
0.005403,1024,1,4,2,1048576
3.44046,32768,2,32,8,1073741824
0.084397,4096,1,16,4,16777216
0.090576,4096,16,32,2,16777216
0.768379,16384,16,32,4,268435456
0.00295333,1024,1,8,4,1048576
0.806733,16384,16,1,8,268435456
0.207957,8192,8,1,2,67108864
0.00332067,1024,1,4,8,1048576
0.05438,2048,16,2,2,4194304
0.101926,2048,32,64,4,4194304
0.202561,4096,2,1,2,16777216
0.218225,8192,1,4,2,67108864
0.0830987,4096,2,16,2,16777216
3.32712,32768,32,32,2,1073741824
3.44066,32768,1,32,16,1073741824
0.204051,2048,32,32,8,4194304
0.0804317,4096,1,32,2,16777216
3.35136,32768,4,32,8,1073741824
0.049463,2048,4,64,8,4194304
0.196515,8192,8,64,4,67108864
3.40644,32768,32,1,8,1073741824
0.198876,8192,32,1,2,67108864
0.003582,1024,8,8,8,1048576
0.102781,4096,1,4,4,16777216
0.0477887,2048,1,1,16,4194304
3.55494,32768,4,2,2,1073741824
0.777955,16384,32,1,16,268435456
0.791914,16384,8,64,4,268435456
0.0429957,2048,1,64,16,4194304
3.36454,32768,16,64,4,1073741824
0.0115263,1024,16,2,2,1048576
3.396,32768,8,2,8,1073741824
0.190487,8192,32,64,2,67108864
3.37094,32768,8,2,4,1073741824
3.31043,32768,64,16,2,1073741824
0.200445,8192,32,2,8,67108864
0.798764,16384,32,64,2,268435456
0.777989,16384,8,16,8,268435456
0.196387,8192,64,2,16,67108864
3.49117,32768,8,1,4,1073741824
2.85178,2048,64,16,16,4194304
0.785351,16384,4,32,8,268435456
0.2246,4096,16,32,16,16777216
0.192501,8192,64,16,2,67108864
0.19201,8192,1,16,4,67108864
0.192916,8192,1,64,4,67108864
0.003504,1024,2,32,8,1048576
0.0890703,4096,8,4,2,16777216
0.087581,2048,16,64,8,4194304
0.113883,4096,8,1,8,16777216
0.196888,8192,64,1,4,67108864
2.7675,1024,64,32,16,1048576
0.193575,8192,16,16,4,67108864
0.00354167,1024,4,64,8,1048576
0.143739,4096,32,32,4,16777216
0.102782,4096,16,32,4,16777216
0.196483,8192,4,4,8,67108864
0.195486,8192,8,2,16,67108864
0.196277,8192,1,4,16,67108864
0.0587673,2048,8,4,8,4194304
0.195356,8192,16,32,16,67108864
0.043887,1024,16,4,2,1048576
0.195348,8192,8,32,8,67108864
3.31814,32768,2,8,8,1073741824
0.05847,2048,8,64,8,4194304
0.197389,8192,32,8,8,67108864
3.35898,32768,1,32,2,1073741824
3.32696,32768,8,4,4,1073741824
0.791191,16384,8,4,16,268435456
0.0947993,4096,2,16,8,16777216
0.046593,2048,2,64,16,4194304
0.814635,16384,2,16,2,268435456
0.002926,1024,2,64,4,1048576
3.35106,32768,2,2,16,1073741824
0.264243,1024,64,1,4,1048576
0.241115,8192,2,1,2,67108864
0.201756,8192,2,64,16,67108864
0.19592,8192,2,4,4,67108864
0.323508,4096,64,32,4,16777216
0.196322,1024,32,4,8,1048576
0.0986873,4096,4,64,8,16777216
0.808985,16384,4,64,16,268435456
0.048726,2048,8,8,4,4194304
0.561641,1024,32,1,16,1048576
0.820415,16384,1,2,8,268435456
0.0441543,2048,2,32,8,4194304
0.558931,2048,32,8,16,4194304
0.272551,2048,64,32,4,4194304
0.327349,4096,64,64,4,16777216
3.4419,32768,2,4,2,1073741824
0.00259833,1024,1,64,2,1048576
0.18146,4096,64,8,2,16777216
0.003453,1024,1,16,2,1048576
0.00350933,1024,2,2,16,1048576
0.105521,4096,4,64,16,16777216
3.30355,32768,2,64,2,1073741824
0.221697,4096,16,1,16,16777216
3.43152,32768,2,1,16,1073741824
3.33564,32768,4,64,8,1073741824
0.132667,1024,64,32,2,1048576
0.815301,16384,1,32,16,268435456
3.41034,32768,4,4,2,1073741824
0.041439,2048,4,16,2,4194304
0.135535,2048,64,8,2,4194304
0.196031,8192,16,1,8,67108864
0.131744,1024,64,16,2,1048576
0.191473,1024,32,32,8,1048576
0.0489343,2048,1,4,2,4194304
0.195263,8192,8,16,16,67108864
0.0874843,2048,16,4,8,4194304
0.093338,4096,4,4,2,16777216
3.44553,32768,1,32,8,1073741824
0.110989,4096,8,1,4,16777216
0.0431533,2048,1,2,16,4194304
3.49672,32768,1,8,2,1073741824
0.0449927,2048,2,8,8,4194304
0.813966,16384,2,2,16,268435456
0.790286,16384,1,64,4,268435456
0.181638,4096,64,64,2,16777216
2.73064,2048,64,1,16,4194304
0.00350033,1024,2,8,8,1048576
0.793181,16384,64,8,4,268435456
0.131628,4096,8,2,16,16777216
0.762499,16384,64,2,2,268435456
0.0554247,2048,4,32,16,4194304
0.107354,4096,1,2,8,16777216
0.0477363,2048,8,4,4,4194304
2.72163,1024,64,4,16,1048576
0.0854347,4096,4,32,4,16777216
0.00300733,1024,4,4,4,1048576
0.0687507,2048,32,8,2,4194304
0.529836,1024,32,4,16,1048576
0.776886,16384,4,64,4,268435456
0.0582277,2048,16,8,4,4194304
0.221874,4096,16,64,16,16777216
0.818665,16384,8,8,16,268435456
0.00262833,1024,2,32,2,1048576
0.00263567,1024,4,64,2,1048576
2.73763,2048,64,32,16,4194304
0.19623,8192,1,32,8,67108864
0.191973,8192,2,16,4,67108864
0.190637,8192,2,64,2,67108864
0.791951,16384,32,32,8,268435456
0.791773,16384,4,64,8,268435456
0.766307,16384,64,64,4,268435456
0.00357967,1024,4,32,16,1048576
3.39087,32768,32,64,8,1073741824
0.043054,2048,4,16,4,4194304
0.0984487,2048,32,8,4,4194304
3.34507,32768,64,1,16,1073741824
0.00341867,1024,1,16,8,1048576
0.00692633,1024,4,1,2,1048576
0.204917,2048,32,2,8,4194304
0.785749,16384,64,16,8,268435456
0.799492,16384,1,4,8,268435456
0.196138,8192,4,2,4,67108864
0.0418053,2048,4,8,2,4194304
3.39136,32768,8,1,16,1073741824
0.003557,1024,8,8,16,1048576
3.33314,32768,4,16,2,1073741824
3.33741,32768,2,4,8,1073741824
2.78869,4096,64,2,16,16777216
3.33221,32768,32,2,16,1073741824
0.196124,8192,4,2,8,67108864
0.0547473,2048,2,2,2,4194304
0.00681933,1024,2,1,4,1048576
3.40225,32768,32,1,2,1073741824
0.164949,1024,16,64,16,1048576
0.219715,4096,16,16,16,16777216
3.22528,32768,32,64,2,1073741824
3.35801,32768,1,64,4,1073741824
0.195116,8192,8,32,16,67108864
0.775358,16384,8,4,2,268435456
0.195112,8192,8,8,16,67108864
0.195707,8192,16,4,8,67108864
0.196686,8192,4,8,8,67108864
0.003539,1024,4,4,16,1048576
0.638181,1024,32,8,16,1048576
3.37996,32768,1,64,16,1073741824
0.00364633,1024,2,16,16,1048576