runtime,mesh,np,th,runtime,mesh,np,th
0.021918774,8,1,1,0.021918774,8,1,1
0.04048419,16,1,1,,,,
0.185791254,32,1,1,,,,
0.951922417,64,1,1,,,,
5.364457846,128,1,1,,,,
25.89232135,256,1,1,,,,
0.022851229,8,1,2,0.022851229,8,1,2
0.043964624,16,1,2,,,,
0.213992357,32,1,2,,,,
1.01911211,64,1,2,,,,
5.493957996,128,1,2,,,,
26.93011403,256,1,2,,,,
0.022410154,8,1,4,0.022410154,8,1,4
0.04226923,16,1,4,,,,
0.197228193,32,1,4,,,,
0.912849903,64,1,4,,,,
5.318091154,128,1,4,,,,
25.97326136,256,1,4,,,,
0.02282238,8,1,8,0.02282238,8,1,8
0.044033289,16,1,8,,,,
0.196470022,32,1,8,,,,
1.053159475,64,1,8,,,,
5.315306425,128,1,8,,,,
25.86263514,256,1,8,,,,
0.023711205,8,1,16,0.023711205,8,1,16
0.04714942,16,1,16,,,,
0.207358599,32,1,16,,,,
1.065921068,64,1,16,,,,
5.326696396,128,1,16,,,,
26.54469419,256,1,16,,,,
0.024690628,8,1,32,0.024690628,8,1,32
0.051189899,16,1,32,,,,
0.224163294,32,1,32,,,,
1.042274714,64,1,32,,,,
5.811215878,128,1,32,,,,
27.0157454,256,1,32,,,,
0.027446747,8,2,1,0.027447224,8,2,1
0.040415287,16,2,1,,,,
0.148378134,32,2,1,,,,
0.80480051,64,2,1,,,,
4.318258762,128,2,1,,,,
20.77059031,256,2,1,,,,
0.027447224,8,2,1,0.028473377,8,2,2
0.040409803,16,2,1,,,,
0.148367405,32,2,1,,,,
0.804780722,64,2,1,,,,
4.318177462,128,2,1,,,,
20.7698586,256,2,1,,,,
0.028470039,8,2,2,0.02791214,8,2,4
0.043809891,16,2,2,,,,
0.185297251,32,2,2,,,,
1.09756875,64,2,2,,,,
5.135602951,128,2,2,,,,
24.7595582,256,2,2,,,,
0.028473377,8,2,2,0.028004169,8,2,8
0.043811083,16,2,2,,,,
0.185298204,32,2,2,,,,
1.097372055,64,2,2,,,,
5.135806561,128,2,2,,,,
24.76017547,256,2,2,,,,
0.027910709,8,2,4,0.028660536,8,2,16
0.042062044,16,2,4,,,,
0.148599625,32,2,4,,,,
0.769643307,64,2,4,,,,
4.344579697,128,2,4,,,,
20.66081166,256,2,4,,,,
0.02791214,8,2,4,0.029029608,8,4,1
0.042062044,16,2,4,,,,
0.148598433,32,2,4,,,,
0.76964283,64,2,4,,,,
4.344506741,128,2,4,,,,
20.66048312,256,2,4,,,,
0.028002977,8,2,8,0.029323816,8,4,2
0.043038368,16,2,8,,,,
0.152445078,32,2,8,,,,
0.84063673,64,2,8,,,,
4.339369774,128,2,8,,,,
21.09582996,256,2,8,,,,
0.028004169,8,2,8,0.03279233,8,4,4
0.043037653,16,2,8,,,,
0.152446508,32,2,8,,,,
0.840633392,64,2,8,,,,
4.339057684,128,2,8,,,,
21.09528017,256,2,8,,,,
0.028659105,8,2,16,0.047605515,8,4,8
0.044637203,16,2,16,,,,
0.155525208,32,2,16,,,,
0.757051945,64,2,16,,,,
4.199424267,128,2,16,,,,
21.52050138,256,2,16,,,,
0.028660536,8,2,16,0.030151367,8,8,1
0.044640541,16,2,16,,,,
0.155525446,32,2,16,,,,
0.757055044,64,2,16,,,,
4.199636459,128,2,16,,,,
21.52110076,256,2,16,,,,
0.028953791,8,4,1,0.030584574,8,8,2
0.03421855,16,4,1,,,,
0.18293786,32,4,1,,,,
0.902290344,64,4,1,,,,
3.759610653,128,4,1,,,,
18.90881228,256,4,1,,,,
0.028954268,8,4,1,0.045755148,8,8,4
0.034227848,16,4,1,,,,
0.182959557,32,4,1,,,,
0.902483463,64,4,1,,,,
3.759646654,128,4,1,,,,
18.90876651,256,4,1,,,,
0.029029608,8,4,1,0.041671038,8,16,1
0.034295797,16,4,1,,,,
0.182960987,32,4,1,,,,
0.902274132,64,4,1,,,,
3.75959754,128,4,1,,,,
18.90655565,256,4,1,,,,
0.029004335,8,4,1,0.049078941,8,16,2
0.034295559,16,4,1,,,,
0.182960987,32,4,1,,,,
0.902264357,64,4,1,,,,
3.759660244,128,4,1,,,,
18.90658236,256,4,1,,,,
0.029258728,8,4,2,,,,
0.034322262,16,4,2,,,,
0.125564098,32,4,2,,,,
0.81877017,64,4,2,,,,
3.529054403,128,4,2,,,,
18.64558387,256,4,2,,,,
0.029261827,8,4,2,,,,
0.034323215,16,4,2,,,,
0.125564575,32,4,2,,,,
0.818762064,64,4,2,,,,
3.529090643,128,4,2,,,,
18.64547133,256,4,2,,,,
0.029323816,8,4,2,,,,
0.034393311,16,4,2,,,,
0.125552177,32,4,2,,,,
0.818754435,64,4,2,,,,
3.528994799,128,4,2,,,,
18.6447494,256,4,2,,,,
0.029322386,8,4,2,,,,
0.034393549,16,4,2,,,,
0.125551701,32,4,2,,,,
0.818753004,64,4,2,,,,
3.529031038,128,4,2,,,,
18.64500523,256,4,2,,,,
0.03279233,8,4,4,,,,
0.033951044,16,4,4,,,,
0.165079117,32,4,4,,,,
0.914657831,64,4,4,,,,
4.033397436,128,4,4,,,,
18.33638453,256,4,4,,,,
0.032790422,8,4,4,,,,
0.033950806,16,4,4,,,,
0.165079594,32,4,4,,,,
0.914657831,64,4,4,,,,
4.033332348,128,4,4,,,,
18.3363905,256,4,4,,,,
0.0326612,8,4,4,,,,
0.033870697,16,4,4,,,,
0.165085316,32,4,4,,,,
0.914872169,64,4,4,,,,
4.033388615,128,4,4,,,,
18.33878899,256,4,4,,,,
0.032659769,8,4,4,,,,
0.033869743,16,4,4,,,,
0.16507268,32,4,4,,,,
0.914665937,64,4,4,,,,
4.033186913,128,4,4,,,,
18.33880305,256,4,4,,,,
0.047530174,8,4,8,,,,
0.039923429,16,4,8,,,,
0.216953039,32,4,8,,,,
0.952422142,64,4,8,,,,
4.192497492,128,4,8,,,,
20.83772874,256,4,8,,,,
0.047531128,8,4,8,,,,
0.039924383,16,4,8,,,,
0.216951132,32,4,8,,,,
0.952162504,64,4,8,,,,
4.192339659,128,4,8,,,,
20.83769584,256,4,8,,,,
0.047605276,8,4,8,,,,
0.039995909,16,4,8,,,,
0.216965199,32,4,8,,,,
0.952394247,64,4,8,,,,
4.192479134,128,4,8,,,,
20.83668184,256,4,8,,,,
0.047605515,8,4,8,,,,
0.039995909,16,4,8,,,,
0.216964722,32,4,8,,,,
0.952150106,64,4,8,,,,
4.19231987,128,4,8,,,,
20.83647156,256,4,8,,,,
0.030094862,8,8,1,,,,
0.0291605,16,8,1,,,,
0.158277988,32,8,1,,,,
0.809575081,64,8,1,,,,
3.57920599,128,8,1,,,,
20.52566147,256,8,1,,,,
0.030096531,8,8,1,,,,
0.029161215,16,8,1,,,,
0.158275843,32,8,1,,,,
0.809346199,64,8,1,,,,
3.579189777,128,8,1,,,,
20.52567673,256,8,1,,,,
0.030097246,8,8,1,,,,
0.029160023,16,8,1,,,,
0.158277273,32,8,1,,,,
0.809354782,64,8,1,,,,
3.579250097,128,8,1,,,,
20.52571392,256,8,1,,,,
0.030095816,8,8,1,,,,
0.029162169,16,8,1,,,,
0.15828371,32,8,1,,,,
0.809574127,64,8,1,,,,
3.579236746,128,8,1,,,,
20.52564406,256,8,1,,,,
0.030148745,8,8,1,,,,
0.02921629,16,8,1,,,,
0.158273935,32,8,1,,,,
0.809359312,64,8,1,,,,
3.579169273,128,8,1,,,,
20.52488208,256,8,1,,,,
0.030151367,8,8,1,,,,
0.029215813,16,8,1,,,,
0.158274174,32,8,1,,,,
0.809560776,64,8,1,,,,
3.579195738,128,8,1,,,,
20.52489781,256,8,1,,,,
0.030147314,8,8,1,,,,
0.02921629,16,8,1,,,,
0.158274651,32,8,1,,,,
0.809555769,64,8,1,,,,
3.579169989,128,8,1,,,,
20.52488589,256,8,1,,,,
0.030145168,8,8,1,,,,
0.029215813,16,8,1,,,,
0.158273935,32,8,1,,,,
0.809359312,64,8,1,,,,
3.579112768,128,8,1,,,,
20.52492023,256,8,1,,,,
0.030530214,8,8,2,,,,
0.029325962,16,8,2,,,,
0.117659092,32,8,2,,,,
0.827471018,64,8,2,,,,
3.577730894,128,8,2,,,,
22.48018074,256,8,2,,,,
0.030525684,8,8,2,,,,
0.029327154,16,8,2,,,,
0.117650986,32,8,2,,,,
0.827462196,64,8,2,,,,
3.577492237,128,8,2,,,,
22.4801805,256,8,2,,,,
0.030529976,8,8,2,,,,
0.029329062,16,8,2,,,,
0.117650747,32,8,2,,,,
0.827244759,64,8,2,,,,
3.57775712,128,8,2,,,,
22.48021436,256,8,2,,,,
0.030526161,8,8,2,,,,
0.029325485,16,8,2,,,,
0.117650509,32,8,2,,,,
0.82724452,64,8,2,,,,
3.577539206,128,8,2,,,,
22.48019886,256,8,2,,,,
0.030580521,8,8,2,,,,
0.029381037,16,8,2,,,,
0.11764884,32,8,2,,,,
0.827294588,64,8,2,,,,
3.577741861,128,8,2,,,,
22.47968626,256,8,2,,,,
0.030583143,8,8,2,,,,
0.02938199,16,8,2,,,,
0.11765027,32,8,2,,,,
0.827457428,64,8,2,,,,
3.577532053,128,8,2,,,,
22.47964358,256,8,2,,,,
0.030584574,8,8,2,,,,
0.02938056,16,8,2,,,,
0.11765027,32,8,2,,,,
0.82724452,64,8,2,,,,
3.577689886,128,8,2,,,,
22.4796288,256,8,2,,,,
0.030577183,8,8,2,,,,
0.02938056,16,8,2,,,,
0.117650509,32,8,2,,,,
0.827463388,64,8,2,,,,
3.577528477,128,8,2,,,,
22.47960687,256,8,2,,,,
0.045717955,8,8,4,,,,
0.031639814,16,8,4,,,,
0.144164562,32,8,4,,,,
0.841515541,64,8,4,,,,
3.740222216,128,8,4,,,,
22.87928867,256,8,4,,,,
0.045705557,8,8,4,,,,
0.031620026,16,8,4,,,,
0.144144297,32,8,4,,,,
0.839690685,64,8,4,,,,
3.740133524,128,8,4,,,,
22.87915468,256,8,4,,,,
0.045726061,8,8,4,,,,
0.031636,16,8,4,,,,
0.144163609,32,8,4,,,,
0.839472294,64,8,4,,,,
3.740162611,128,8,4,,,,
22.87908649,256,8,4,,,,
0.045711279,8,8,4,,,,
0.031636,16,8,4,,,,
0.144168854,32,8,4,,,,
0.839677811,64,8,4,,,,
3.740406275,128,8,4,,,,
22.87922335,256,8,4,,,,
0.045728683,8,8,4,,,,
0.031689882,16,8,4,,,,
0.144173622,32,8,4,,,,
0.839666367,64,8,4,,,,
3.740206003,128,8,4,,,,
22.87849808,256,8,4,,,,
0.045750856,8,8,4,,,,
0.031692266,16,8,4,,,,
0.144215107,32,8,4,,,,
0.83958602,64,8,4,,,,
3.740217686,128,8,4,,,,
22.87847805,256,8,4,,,,
0.045755148,8,8,4,,,,
0.031691551,16,8,4,,,,
0.144221306,32,8,4,,,,
0.839379549,64,8,4,,,,
3.740146399,128,8,4,,,,
22.87849975,256,8,4,,,,
0.045731068,8,8,4,,,,
0.031690359,16,8,4,,,,
0.144173384,32,8,4,,,,
0.839685202,64,8,4,,,,
3.740218878,128,8,4,,,,
22.87849975,256,8,4,,,,
0.041644335,8,16,1,,,,
0.034189224,16,16,1,,,,
0.166600704,32,16,1,,,,
0.854230881,64,16,1,,,,
3.911451817,128,16,1,,,,
28.74947,256,16,1,,,,
0.041619539,8,16,1,,,,
0.034235954,16,16,1,,,,
0.166601419,32,16,1,,,,
0.854323149,64,16,1,,,,
3.911394119,128,16,1,,,,
28.74932981,256,16,1,,,,
0.041621447,8,16,1,,,,
0.034209013,16,16,1,,,,
0.166599989,32,16,1,,,,
0.85423708,64,16,1,,,,
3.91157341,128,16,1,,,,
28.74936318,256,16,1,,,,
0.041621208,8,16,1,,,,
0.034212112,16,16,1,,,,
0.166600227,32,16,1,,,,
0.854226112,64,16,1,,,,
3.911495924,128,16,1,,,,
28.74937344,256,16,1,,,,
0.041662931,8,16,1,,,,
0.03420496,16,16,1,,,,
0.166602135,32,16,1,,,,
0.854154348,64,16,1,,,,
3.911473036,128,16,1,,,,
28.74943542,256,16,1,,,,
0.041625261,8,16,1,,,,
0.034260988,16,16,1,,,,
0.166600704,32,16,1,,,,
0.854152441,64,16,1,,,,
3.911311626,128,16,1,,,,
28.74810052,256,16,1,,,,
0.041669369,8,16,1,,,,
0.034213781,16,16,1,,,,
0.166593552,32,16,1,,,,
0.854318857,64,16,1,,,,
3.911420345,128,16,1,,,,
28.74889231,256,16,1,,,,
0.041650534,8,16,1,,,,
0.034235954,16,16,1,,,,
0.166544199,32,16,1,,,,
0.854340315,64,16,1,,,,
3.911509991,128,16,1,,,,
28.7484417,256,16,1,,,,
0.041617632,8,16,1,,,,
0.03420949,16,16,1,,,,
0.166644096,32,16,1,,,,
0.854152679,64,16,1,,,,
3.911283016,128,16,1,,,,
28.74944973,256,16,1,,,,
0.041645288,8,16,1,,,,
0.03421402,16,16,1,,,,
0.166579485,32,16,1,,,,
0.854288578,64,16,1,,,,
3.911416054,128,16,1,,,,
28.74885201,256,16,1,,,,
0.041643143,8,16,1,,,,
0.034205437,16,16,1,,,,
0.166574478,32,16,1,,,,
0.854225636,64,16,1,,,,
3.911476851,128,16,1,,,,
28.74935842,256,16,1,,,,
0.041670561,8,16,1,,,,
0.03418684,16,16,1,,,,
0.166644335,32,16,1,,,,
0.85426259,64,16,1,,,,
3.91146636,128,16,1,,,,
28.749264,256,16,1,,,,
0.041620016,8,16,1,,,,
0.034216881,16,16,1,,,,
0.16657567,32,16,1,,,,
0.854159832,64,16,1,,,,
3.91144228,128,16,1,,,,
28.74882293,256,16,1,,,,
0.041613579,8,16,1,,,,
0.034236431,16,16,1,,,,
0.166593075,32,16,1,,,,
0.854211807,64,16,1,,,,
3.91125083,128,16,1,,,,
28.74840236,256,16,1,,,,
0.041671038,8,16,1,,,,
0.034261465,16,16,1,,,,
0.166602373,32,16,1,,,,
0.854035139,64,16,1,,,,
3.911303997,128,16,1,,,,
28.74886155,256,16,1,,,,
0.041651487,8,16,1,,,,
0.034237146,16,16,1,,,,
0.166594028,32,16,1,,,,
0.854333639,64,16,1,,,,
3.911285639,128,16,1,,,,
28.7487967,256,16,1,,,,
0.048982143,8,16,2,,,,
0.039401531,16,16,2,,,,
0.13829875,32,16,2,,,,
0.890147448,64,16,2,,,,
4.077878952,128,16,2,,,,
31.45608783,256,16,2,,,,
0.049052,8,16,2,,,,
0.039368391,16,16,2,,,,
0.138290882,32,16,2,,,,
0.890058994,64,16,2,,,,
4.077842236,128,16,2,,,,
31.4560647,256,16,2,,,,
0.048991919,8,16,2,,,,
0.039366245,16,16,2,,,,
0.138283253,32,16,2,,,,
0.890146017,64,16,2,,,,
4.077892065,128,16,2,,,,
31.45590591,256,16,2,,,,
0.049037933,8,16,2,,,,
0.039376736,16,16,2,,,,
0.138298988,32,16,2,,,,
0.890130997,64,16,2,,,,
4.078016996,128,16,2,,,,
31.45610905,256,16,2,,,,
0.048986912,8,16,2,,,,
0.039387941,16,16,2,,,,
0.138282061,32,16,2,,,,
0.890247583,64,16,2,,,,
4.078009605,128,16,2,,,,
31.45601869,256,16,2,,,,
0.049006462,8,16,2,,,,
0.039388895,16,16,2,,,,
0.138298512,32,16,2,,,,
0.89014554,64,16,2,,,,
4.078003883,128,16,2,,,,
31.45601869,256,16,2,,,,
0.048991919,8,16,2,,,,
0.039399862,16,16,2,,,,
0.138288021,32,16,2,,,,
0.890197515,64,16,2,,,,
4.077849388,128,16,2,,,,
31.45605659,256,16,2,,,,
0.048994064,8,16,2,,,,
0.03939271,16,16,2,,,,
0.138303518,32,16,2,,,,
0.89024353,64,16,2,,,,
4.077845335,128,16,2,,,,
31.45605373,256,16,2,,,,
0.048995018,8,16,2,,,,
0.039429426,16,16,2,,,,
0.138263702,32,16,2,,,,
0.890156984,64,16,2,,,,
4.078097105,128,16,2,,,,
31.45560193,256,16,2,,,,
0.049078941,8,16,2,,,,
0.03942585,16,16,2,,,,
0.138285637,32,16,2,,,,
0.890152931,64,16,2,,,,
4.07777977,128,16,2,,,,
31.45547938,256,16,2,,,,
0.049055576,8,16,2,,,,
0.039461374,16,16,2,,,,
0.138046503,32,16,2,,,,
0.89006114,64,16,2,,,,
4.077856541,128,16,2,,,,
31.45555973,256,16,2,,,,
0.049037457,8,16,2,,,,
0.039455891,16,16,2,,,,
0.138340235,32,16,2,,,,
0.890147209,64,16,2,,,,
4.077655077,128,16,2,,,,
31.45498538,256,16,2,,,,
0.04900074,8,16,2,,,,
0.039428473,16,16,2,,,,
0.138234854,32,16,2,,,,
0.8901124,64,16,2,,,,
4.077908278,128,16,2,,,,
31.45493555,256,16,2,,,,
0.049021959,8,16,2,,,,
0.039429665,16,16,2,,,,
0.138283491,32,16,2,,,,
0.890004396,64,16,2,,,,
4.077841043,128,16,2,,,,
31.45549345,256,16,2,,,,
0.048997402,8,16,2,,,,
0.039429188,16,16,2,,,,
0.138282537,32,16,2,,,,
0.890130997,64,16,2,,,,
4.078030109,128,16,2,,,,
31.45549726,256,16,2,,,,
0.049017906,8,16,2,,,,
0.039393902,16,16,2,,,,
0.138281822,32,16,2,,,,
0.89021349,64,16,2,,,,
4.077821732,128,16,2,,,,
31.45550752,256,16,2,,,,
0.022165775,8,1,1,,,,
0.041320324,16,1,1,,,,
0.197797775,32,1,1,,,,
0.998090982,64,1,1,,,,
5.203459263,128,1,1,,,,
26.4380393,256,1,1,,,,
0.022897005,8,1,2,,,,
0.043081045,16,1,2,,,,
0.224633455,32,1,2,,,,
1.074446917,64,1,2,,,,
5.454094648,128,1,2,,,,
27.08506179,256,1,2,,,,
0.022600412,8,1,4,,,,
0.043152332,16,1,4,,,,
0.19525218,32,1,4,,,,
1.052830458,64,1,4,,,,
5.427397728,128,1,4,,,,
26.06484699,256,1,4,,,,
0.022938967,8,1,8,,,,
0.043349743,16,1,8,,,,
0.206711531,32,1,8,,,,
0.969705343,64,1,8,,,,
5.414620399,128,1,8,,,,
26.24202442,256,1,8,,,,
0.023444414,8,1,16,,,,
0.047056198,16,1,16,,,,
0.212114334,32,1,16,,,,
1.075512171,64,1,16,,,,
5.480803013,128,1,16,,,,
26.49732327,256,1,16,,,,
0.024854898,8,1,32,,,,
0.051886797,16,1,32,,,,
0.230505943,32,1,32,,,,
1.080343723,64,1,32,,,,
5.977487326,128,1,32,,,,
26.96742153,256,1,32,,,,
0.027770758,8,2,1,,,,
0.040950298,16,2,1,,,,
0.148744822,32,2,1,,,,
0.889317036,64,2,1,,,,
4.312473059,128,2,1,,,,
20.68565011,256,2,1,,,,
0.027747393,8,2,1,,,,
0.040915966,16,2,1,,,,
0.148701668,32,2,1,,,,
0.88926363,64,2,1,,,,
4.312254667,128,2,1,,,,
20.68545532,256,2,1,,,,
0.028427124,8,2,2,,,,
0.043877125,16,2,2,,,,
0.184518814,32,2,2,,,,
1.0751369,64,2,2,,,,
5.226178169,128,2,2,,,,
24.66491294,256,2,2,,,,
0.028426886,8,2,2,,,,
0.043876648,16,2,2,,,,
0.184518337,32,2,2,,,,
1.0751369,64,2,2,,,,
5.225910187,128,2,2,,,,
24.66457391,256,2,2,,,,
0.028347731,8,2,4,,,,
0.041713476,16,2,4,,,,
0.159436226,32,2,4,,,,
0.796577215,64,2,4,,,,
4.344246626,128,2,4,,,,
21.43644333,256,2,4,,,,
0.028316259,8,2,4,,,,
0.041672945,16,2,4,,,,
0.159388542,32,2,4,,,,
0.796520233,64,2,4,,,,
4.344115257,128,2,4,,,,
21.43594098,256,2,4,,,,
0.028504372,8,2,8,,,,
0.042890787,16,2,8,,,,
0.151422977,32,2,8,,,,
0.795375109,64,2,8,,,,
4.275136709,128,2,8,,,,
21.1472702,256,2,8,,,,
0.028467417,8,2,8,,,,
0.042848349,16,2,8,,,,
0.151372433,32,2,8,,,,
0.79532671,64,2,8,,,,
4.274830103,128,2,8,,,,
21.14670992,256,2,8,,,,
0.029160261,8,2,16,,,,
0.045942307,16,2,16,,,,
0.166307211,32,2,16,,,,
0.888726234,64,2,16,,,,
4.1537323,128,2,16,,,,
22.02728915,256,2,16,,,,
0.029194355,8,2,16,,,,
0.045979261,16,2,16,,,,
0.166351795,32,2,16,,,,
0.88876915,64,2,16,,,,
4.153544426,128,2,16,,,,
22.02656174,256,2,16,,,,
0.029104471,8,4,1,,,,
0.033636332,16,4,1,,,,
0.168237209,32,4,1,,,,
0.884728193,64,4,1,,,,
3.65438056,128,4,1,,,,
18.35970092,256,4,1,,,,
0.029101849,8,4,1,,,,
0.033623219,16,4,1,,,,
0.168235779,32,4,1,,,,
0.884453773,64,4,1,,,,
3.654375792,128,4,1,,,,
18.35966945,256,4,1,,,,
0.029166698,8,4,1,,,,
0.033716679,16,4,1,,,,
0.168238163,32,4,1,,,,
0.884444237,64,4,1,,,,
3.654361248,128,4,1,,,,
18.35773253,256,4,1,,,,
0.029168844,8,4,1,,,,
0.033717871,16,4,1,,,,
0.168238163,32,4,1,,,,
0.88444519,64,4,1,,,,
3.654309988,128,4,1,,,,
18.35774231,256,4,1,,,,
0.029193878,8,4,2,,,,
0.0343225,16,4,2,,,,
0.131213188,32,4,2,,,,
0.764882803,64,4,2,,,,
3.459472418,128,4,2,,,,
18.66355014,256,4,2,,,,
0.029194593,8,4,2,,,,
0.034324408,16,4,2,,,,
0.131211996,32,4,2,,,,
0.764891386,64,4,2,,,,
3.459537745,128,4,2,,,,
18.66354442,256,4,2,,,,
0.02927494,8,4,2,,,,
0.034390211,16,4,2,,,,
0.131203413,32,4,2,,,,
0.764885187,64,4,2,,,,
3.459343195,128,4,2,,,,
18.66135287,256,4,2,,,,
0.02927494,8,4,2,,,,
0.034389973,16,4,2,,,,
0.131203175,32,4,2,,,,
0.764881372,64,4,2,,,,
3.459351778,128,4,2,,,,
18.66149139,256,4,2,,,,
0.032860994,8,4,4,,,,
0.033852816,16,4,4,,,,
0.185016155,32,4,4,,,,
0.828099728,64,4,4,,,,
3.633631945,128,4,4,,,,
18.78625965,256,4,4,,,,
0.032857418,8,4,4,,,,
0.033843994,16,4,4,,,,
0.185017347,32,4,4,,,,
0.828092098,64,4,4,,,,
3.633407831,128,4,4,,,,
18.78618932,256,4,4,,,,
0.032942533,8,4,4,,,,
0.033929586,16,4,4,,,,
0.185018539,32,4,4,,,,
0.828092098,64,4,4,,,,
3.633516312,128,4,4,,,,
18.78407574,256,4,4,,,,
0.032942533,8,4,4,,,,
0.033929586,16,4,4,,,,
0.185019016,32,4,4,,,,
0.828085423,64,4,4,,,,
3.633350849,128,4,4,,,,
18.78406239,256,4,4,,,,
0.045225859,8,4,8,,,,
0.046638727,16,4,8,,,,
0.203513622,32,4,8,,,,
0.914260149,64,4,8,,,,
4.214377642,128,4,8,,,,
20.80453396,256,4,8,,,,
0.045217991,8,4,8,,,,
0.046639919,16,4,8,,,,
0.203513622,32,4,8,,,,
0.914246321,64,4,8,,,,
4.214215755,128,4,8,,,,
20.80452132,256,4,8,,,,
0.045273066,8,4,8,,,,
0.046721697,16,4,8,,,,
0.20349431,32,4,8,,,,
0.914241791,64,4,8,,,,
4.214102507,128,4,8,,,,
20.80254173,256,4,8,,,,
0.045260668,8,4,8,,,,
0.046721458,16,4,8,,,,
0.203494549,32,4,8,,,,
0.914241552,64,4,8,,,,
4.214102745,128,4,8,,,,
20.80251861,256,4,8,,,,
0.03006053,8,8,1,,,,
0.029179573,16,8,1,,,,
0.170819044,32,8,1,,,,
0.925359726,64,8,1,,,,
3.799401522,128,8,1,,,,
22.85784149,256,8,1,,,,
0.030059814,8,8,1,,,,
0.029191971,16,8,1,,,,
0.17083931,32,8,1,,,,
0.925546885,64,8,1,,,,
3.799548388,128,8,1,,,,
22.85784841,256,8,1,,,,
0.030058384,8,8,1,,,,
0.02919507,16,8,1,,,,
0.170839071,32,8,1,,,,
0.92552495,64,8,1,,,,
3.799485445,128,8,1,,,,
22.85787511,256,8,1,,,,
0.030067444,8,8,1,,,,
0.029194117,16,8,1,,,,
0.170847178,32,8,1,,,,
0.925532103,64,8,1,,,,
3.799454927,128,8,1,,,,
22.85787082,256,8,1,,,,
0.030109167,8,8,1,,,,
0.029246092,16,8,1,,,,
0.170830727,32,8,1,,,,
0.925521851,64,8,1,,,,
3.799422979,128,8,1,,,,
22.85680342,256,8,1,,,,
0.03011179,8,8,1,,,,
0.029231071,16,8,1,,,,
0.170811176,32,8,1,,,,
0.925316095,64,8,1,,,,
3.799333572,128,8,1,,,,
22.8566854,256,8,1,,,,
0.030111074,8,8,1,,,,
0.02924633,16,8,1,,,,
0.170830727,32,8,1,,,,
0.925534487,64,8,1,,,,
3.79944253,128,8,1,,,,
22.85674143,256,8,1,,,,
0.030106783,8,8,1,,,,
0.02924633,16,8,1,,,,
0.170822382,32,8,1,,,,
0.925528526,64,8,1,,,,
3.799440384,128,8,1,,,,
22.85674191,256,8,1,,,,
0.02913332,8,8,2,,,,
0.02987504,16,8,2,,,,
0.162018776,32,8,2,,,,
0.845894575,64,8,2,,,,
3.643205166,128,8,2,,,,
23.34620237,256,8,2,,,,
0.029134035,8,8,2,,,,
0.029873848,16,8,2,,,,
0.162017584,32,8,2,,,,
0.846102238,64,8,2,,,,
3.643184423,128,8,2,,,,
23.34617591,256,8,2,,,,
0.029132128,8,8,2,,,,
0.029874325,16,8,2,,,,
0.162026167,32,8,2,,,,
0.846211672,64,8,2,,,,
3.643342733,128,8,2,,,,
23.34618735,256,8,2,,,,
0.029137611,8,8,2,,,,
0.029874802,16,8,2,,,,
0.162019014,32,8,2,,,,
0.845959663,64,8,2,,,,
3.643117905,128,8,2,,,,
23.34612823,256,8,2,,,,
0.029171944,8,8,2,,,,
0.029937029,16,8,2,,,,
0.162032366,32,8,2,,,,
0.846111298,64,8,2,,,,
3.643165827,128,8,2,,,,
23.34547758,256,8,2,,,,
0.029176474,8,8,2,,,,
0.029937744,16,8,2,,,,
0.162033558,32,8,2,,,,
0.845897675,64,8,2,,,,
3.643169641,128,8,2,,,,
23.34528708,256,8,2,,,,
0.029173613,8,8,2,,,,
0.029936552,16,8,2,,,,
0.162032127,32,8,2,,,,
0.84589839,64,8,2,,,,
3.643105984,128,8,2,,,,
23.34531856,256,8,2,,,,
0.029174089,8,8,2,,,,
0.029931784,16,8,2,,,,
0.162031889,32,8,2,,,,
0.846100092,64,8,2,,,,
3.643361092,128,8,2,,,,
23.34530354,256,8,2,,,,
0.039421558,8,8,4,,,,
0.033035517,16,8,4,,,,
0.116078854,32,8,4,,,,
0.872966051,64,8,4,,,,
4.030463934,128,8,4,,,,
27.11845088,256,8,4,,,,
0.039416075,8,8,4,,,,
0.033013344,16,8,4,,,,
0.116063595,32,8,4,,,,
0.873030663,64,8,4,,,,
4.03046751,128,8,4,,,,
27.1184454,256,8,4,,,,
0.039430618,8,8,4,,,,
0.033032417,16,8,4,,,,
0.116081238,32,8,4,,,,
0.87324357,64,8,4,,,,
4.030325413,128,8,4,,,,
27.11835504,256,8,4,,,,
0.039430618,8,8,4,,,,
0.033032656,16,8,4,,,,
0.116088867,32,8,4,,,,
0.873028994,64,8,4,,,,
4.030454874,128,8,4,,,,
27.11844158,256,8,4,,,,
0.039440155,8,8,4,,,,
0.033087254,16,8,4,,,,
0.116072178,32,8,4,,,,
0.873023272,64,8,4,,,,
4.030442238,128,8,4,,,,
27.11787868,256,8,4,,,,
0.039464712,8,8,4,,,,
0.033088446,16,8,4,,,,
0.116075039,32,8,4,,,,
0.873023033,64,8,4,,,,
4.030232906,128,8,4,,,,
27.11778164,256,8,4,,,,
0.039440393,8,8,4,,,,
0.033084631,16,8,4,,,,
0.116075277,32,8,4,,,,
0.873229027,64,8,4,,,,
4.030302525,128,8,4,,,,
27.11790586,256,8,4,,,,
0.03946805,8,8,4,,,,
0.033085346,16,8,4,,,,
0.116075277,32,8,4,,,,
0.873229265,64,8,4,,,,
4.030289173,128,8,4,,,,
27.1179502,256,8,4,,,,
0.043331623,8,16,1,,,,
0.033884048,16,16,1,,,,
0.242128372,32,16,1,,,,
0.832245588,64,16,1,,,,
4.030642271,128,16,1,,,,
28.97345948,256,16,1,,,,
0.043352604,8,16,1,,,,
0.033876181,16,16,1,,,,
0.24217248,32,16,1,,,,
0.832321882,64,16,1,,,,
4.030744791,128,16,1,,,,
28.97320724,256,16,1,,,,
0.043405056,8,16,1,,,,
0.03389287,16,16,1,,,,
0.242089272,32,16,1,,,,
0.832304239,64,16,1,,,,
4.030646324,128,16,1,,,,
28.97308183,256,16,1,,,,
0.043354034,8,16,1,,,,
0.033877373,16,16,1,,,,
0.242128134,32,16,1,,,,
0.83231926,64,16,1,,,,
4.030468702,128,16,1,,,,
28.97345829,256,16,1,,,,
0.043403149,8,16,1,,,,
0.03384757,16,16,1,,,,
0.242169142,32,16,1,,,,
0.832288742,64,16,1,,,,
4.030637503,128,16,1,,,,
28.97341371,256,16,1,,,,
0.043328047,8,16,1,,,,
0.033869267,16,16,1,,,,
0.24211812,32,16,1,,,,
0.832284212,64,16,1,,,,
4.030479431,128,16,1,,,,
28.97341013,256,16,1,,,,
0.043428421,8,16,1,,,,
0.03389883,16,16,1,,,,
0.242114782,32,16,1,,,,
0.832266331,64,16,1,,,,
4.030555964,128,16,1,,,,
28.97252822,256,16,1,,,,
0.043355465,8,16,1,,,,
0.033878088,16,16,1,,,,
0.24209547,32,16,1,,,,
0.8323071,64,16,1,,,,
4.030427694,128,16,1,,,,
28.97280788,256,16,1,,,,
0.043356895,8,16,1,,,,
0.033898354,16,16,1,,,,
0.242075205,32,16,1,,,,
0.832285166,64,16,1,,,,
4.030586004,128,16,1,,,,
28.97230649,256,16,1,,,,
0.043353796,8,16,1,,,,
0.033898592,16,16,1,,,,
0.242158175,32,16,1,,,,
0.832298994,64,16,1,,,,
4.030650616,128,16,1,,,,
28.97263718,256,16,1,,,,
0.043377161,8,16,1,,,,
0.033869505,16,16,1,,,,
0.242092133,32,16,1,,,,
0.832290888,64,16,1,,,,
4.030636072,128,16,1,,,,
28.97344351,256,16,1,,,,
0.04338026,8,16,1,,,,
0.033898115,16,16,1,,,,
0.242089272,32,16,1,,,,
0.83238101,64,16,1,,,,
4.030694723,128,16,1,,,,
28.97339439,256,16,1,,,,
0.043379545,8,16,1,,,,
0.033899546,16,16,1,,,,
0.242115974,32,16,1,,,,
0.832355976,64,16,1,,,,
4.030567169,128,16,1,,,,
28.97280955,256,16,1,,,,
0.04338026,8,16,1,,,,
0.033898354,16,16,1,,,,
0.242158175,32,16,1,,,,
0.832269907,64,16,1,,,,
4.030552149,128,16,1,,,,
28.97285986,256,16,1,,,,
0.043403387,8,16,1,,,,
0.033920765,16,16,1,,,,
0.242076397,32,16,1,,,,
0.832086802,64,16,1,,,,
4.030460596,128,16,1,,,,
28.97274661,256,16,1,,,,
0.043379545,8,16,1,,,,
0.033921957,16,16,1,,,,
0.242115498,32,16,1,,,,
0.832086563,64,16,1,,,,
4.030562162,128,16,1,,,,
28.97291994,256,16,1,,,,
0.050612688,8,16,2,,,,
0.041584492,16,16,2,,,,
0.126235485,32,16,2,,,,
0.823789358,64,16,2,,,,
4.134693623,128,16,2,,,,
29.0474,256,16,2,,,,
0.050606728,8,16,2,,,,
0.041584969,16,16,2,,,,
0.126236916,32,16,2,,,,
0.823848248,64,16,2,,,,
4.134702682,128,16,2,,,,
29.0474,256,16,2,,,,
0.050651789,8,16,2,,,,
0.04155612,16,16,2,,,,
0.126230955,32,16,2,,,,
0.823860884,64,16,2,,,,
4.134880781,128,16,2,,,,
29.0468328,256,16,2,,,,
0.05059123,8,16,2,,,,
0.041586876,16,16,2,,,,
0.126232386,32,16,2,,,,
0.823955536,64,16,2,,,,
4.134747505,128,16,2,,,,
29.04676533,256,16,2,,,,
0.050605536,8,16,2,,,,
0.041583776,16,16,2,,,,
0.126236677,32,16,2,,,,
0.823860884,64,16,2,,,,
4.134701729,128,16,2,,,,
29.04734111,256,16,2,,,,
0.050632715,8,16,2,,,,
0.041551113,16,16,2,,,,
0.126213789,32,16,2,,,,
0.823862553,64,16,2,,,,
4.134756088,128,16,2,,,,
29.04737425,256,16,2,,,,
0.050609827,8,16,2,,,,
0.041586876,16,16,2,,,,
0.126232147,32,16,2,,,,
0.823880672,64,16,2,,,,
4.134671688,128,16,2,,,,
29.04726648,256,16,2,,,,
0.05060339,8,16,2,,,,
0.041584015,16,16,2,,,,
0.126235723,32,16,2,,,,
0.823946953,64,16,2,,,,
4.134872198,128,16,2,,,,
29.04737401,256,16,2,,,,
0.050606728,8,16,2,,,,
0.041612387,16,16,2,,,,
0.126221895,32,16,2,,,,
0.823847294,64,16,2,,,,
4.134697676,128,16,2,,,,
29.04680538,256,16,2,,,,
0.050621271,8,16,2,,,,
0.041660309,16,16,2,,,,
0.126183033,32,16,2,,,,
0.823838472,64,16,2,,,,
4.134619236,128,16,2,,,,
29.04676795,256,16,2,,,,
0.050595045,8,16,2,,,,
0.041620731,16,16,2,,,,
0.12624383,32,16,2,,,,
0.823677778,64,16,2,,,,
4.13467598,128,16,2,,,,
29.04625869,256,16,2,,,,
0.050672531,8,16,2,,,,
0.041579485,16,16,2,,,,
0.126193762,32,16,2,,,,
0.823844194,64,16,2,,,,
4.134475708,128,16,2,,,,
29.04675508,256,16,2,,,,
0.050599337,8,16,2,,,,
0.041612387,16,16,2,,,,
0.12619853,32,16,2,,,,
0.823729992,64,16,2,,,,
4.134758234,128,16,2,,,,
29.04680204,256,16,2,,,,
0.050982952,8,16,2,,,,
0.041508436,16,16,2,,,,
0.126191139,32,16,2,,,,
0.82393384,64,16,2,,,,
4.134692669,128,16,2,,,,
29.04669809,256,16,2,,,,
0.050631046,8,16,2,,,,
0.041612625,16,16,2,,,,
0.126275778,32,16,2,,,,
0.823933363,64,16,2,,,,
4.13457036,128,16,2,,,,
29.04637361,256,16,2,,,,
0.050631046,8,16,2,,,,
0.041577339,16,16,2,,,,
0.126190424,32,16,2,,,,
0.823758602,64,16,2,,,,
4.134689331,128,16,2,,,,
29.04672956,256,16,2,,,,
0.022022486,8,1,1,,,,
0.041189194,16,1,1,,,,
0.198963165,32,1,1,,,,
0.930346966,64,1,1,,,,
5.541575432,128,1,1,,,,
24.94989347,256,1,1,,,,
0.023226261,8,1,2,,,,
0.043831825,16,1,2,,,,
0.224244118,32,1,2,,,,
1.135668993,64,1,2,,,,
5.874865294,128,1,2,,,,
27.65263534,256,1,2,,,,
0.022711515,8,1,4,,,,
0.042160034,16,1,4,,,,
0.206514597,32,1,4,,,,
0.978678942,64,1,4,,,,
5.206634283,128,1,4,,,,
26.63924813,256,1,4,,,,
0.023093939,8,1,8,,,,
0.044428587,16,1,8,,,,
0.194575787,32,1,8,,,,
0.980380058,64,1,8,,,,
5.558355093,128,1,8,,,,
26.48362136,256,1,8,,,,
0.023380995,8,1,16,,,,
0.047885656,16,1,16,,,,
0.207147121,32,1,16,,,,
1.16310811,64,1,16,,,,
5.480031013,128,1,16,,,,
26.02042818,256,1,16,,,,
0.024674654,8,1,32,,,,
0.053168297,16,1,32,,,,
0.229847431,32,1,32,,,,
1.100860596,64,1,32,,,,
5.869182825,128,1,32,,,,
27.29285121,256,1,32,,,,
0.027690887,8,2,1,,,,
0.040940762,16,2,1,,,,
0.147309303,32,2,1,,,,
0.727493525,64,2,1,,,,
4.249172211,128,2,1,,,,
20.84459209,256,2,1,,,,
0.027658701,8,2,1,,,,
0.040915489,16,2,1,,,,
0.14726305,32,2,1,,,,
0.727426291,64,2,1,,,,
4.249011278,128,2,1,,,,
20.84369755,256,2,1,,,,
0.028534412,8,2,2,,,,
0.042784452,16,2,2,,,,
0.181832314,32,2,2,,,,
0.994869947,64,2,2,,,,
5.237831831,128,2,2,,,,
24.73623133,256,2,2,,,,
0.028534174,8,2,2,,,,
0.042783737,16,2,2,,,,
0.181833744,32,2,2,,,,
0.99510169,64,2,2,,,,
5.237782001,128,2,2,,,,
24.73568392,256,2,2,,,,
0.027822733,8,2,4,,,,
0.041990995,16,2,4,,,,
0.15873909,32,2,4,,,,
0.759401083,64,2,4,,,,
4.474493742,128,2,4,,,,
21.86955762,256,2,4,,,,
0.027822733,8,2,4,,,,
0.041990042,16,2,4,,,,
0.158738852,32,2,4,,,,
0.759409428,64,2,4,,,,
4.474698782,128,2,4,,,,
21.87030935,256,2,4,,,,
0.028625965,8,2,8,,,,
0.043372631,16,2,8,,,,
0.159235477,32,2,8,,,,
0.847793102,64,2,8,,,,
4.415063858,128,2,8,,,,
21.39831519,256,2,8,,,,
0.028660774,8,2,8,,,,
0.043408871,16,2,8,,,,
0.159281492,32,2,8,,,,
0.847839832,64,2,8,,,,
4.415317535,128,2,8,,,,
21.39873147,256,2,8,,,,
0.028655767,8,2,16,,,,
0.045211792,16,2,16,,,,
0.157550097,32,2,16,,,,
0.905494213,64,2,16,,,,
4.658484459,128,2,16,,,,
21.5303688,256,2,16,,,,
0.028657913,8,2,16,,,,
0.045211077,16,2,16,,,,
0.157549858,32,2,16,,,,
0.905493975,64,2,16,,,,
4.658545732,128,2,16,,,,
21.53100133,256,2,16,,,,
0.029022932,8,4,1,,,,
0.034599781,16,4,1,,,,
0.196382284,32,4,1,,,,
0.846831322,64,4,1,,,,
3.850414038,128,4,1,,,,
17.72493839,256,4,1,,,,
0.029022455,8,4,1,,,,
0.034602165,16,4,1,,,,
0.196382284,32,4,1,,,,
0.84681797,64,4,1,,,,
3.850469828,128,4,1,,,,
17.72494197,256,4,1,,,,
0.029079437,8,4,1,,,,
0.034692287,16,4,1,,,,
0.196364641,32,4,1,,,,
0.846778154,64,4,1,,,,
3.850362062,128,4,1,,,,
17.72289681,256,4,1,,,,
0.029090405,8,4,1,,,,
0.034693956,16,4,1,,,,
0.196369171,32,4,1,,,,
0.84680748,64,4,1,,,,
3.850329638,128,4,1,,,,
17.72275305,256,4,1,,,,
0.030603409,8,4,2,,,,
0.034250498,16,4,2,,,,
0.185530186,32,4,2,,,,
0.891996145,64,4,2,,,,
3.799170732,128,4,2,,,,
18.4358995,256,4,2,,,,
0.030600786,8,4,2,,,,
0.034229994,16,4,2,,,,
0.185509205,32,4,2,,,,
0.891999483,64,4,2,,,,
3.798982859,128,4,2,,,,
18.43594384,256,4,2,,,,
0.030668497,8,4,2,,,,
0.034323931,16,4,2,,,,
0.185517311,32,4,2,,,,
0.892017603,64,4,2,,,,
3.798939466,128,4,2,,,,
18.43407059,256,4,2,,,,
0.030666351,8,4,2,,,,
0.034323692,16,4,2,,,,
0.18551755,32,4,2,,,,
0.892017365,64,4,2,,,,
3.798941135,128,4,2,,,,
18.43409586,256,4,2,,,,
0.032639265,8,4,4,,,,
0.035349607,16,4,4,,,,
0.1558218,32,4,4,,,,
0.961360455,64,4,4,,,,
3.777969122,128,4,4,,,,
18.82988191,256,4,4,,,,
0.032658339,8,4,4,,,,
0.035356522,16,4,4,,,,
0.155820131,32,4,4,,,,
0.961317778,64,4,4,,,,
3.777789593,128,4,4,,,,
18.82984638,256,4,4,,,,
0.032697201,8,4,4,,,,
0.035405159,16,4,4,,,,
0.155801296,32,4,4,,,,
0.961336136,64,4,4,,,,
3.780373812,128,4,4,,,,
18.8277626,256,4,4,,,,
0.032701731,8,4,4,,,,
0.03541708,16,4,4,,,,
0.155804396,32,4,4,,,,
0.961342573,64,4,4,,,,
3.780552626,128,4,4,,,,
18.82774901,256,4,4,,,,
0.042956829,8,4,8,,,,
0.041504622,16,4,8,,,,
0.156985283,32,4,8,,,,
0.938127995,64,4,8,,,,
4.131639719,128,4,8,,,,
20.68212008,256,4,8,,,,
0.042983055,8,4,8,,,,
0.041507006,16,4,8,,,,
0.156977892,32,4,8,,,,
0.937848806,64,4,8,,,,
4.131487131,128,4,8,,,,
20.68210721,256,4,8,,,,
0.043002844,8,4,8,,,,
0.041635513,16,4,8,,,,
0.156924248,32,4,8,,,,
0.937848806,64,4,8,,,,
4.131409407,128,4,8,,,,
20.67971921,256,4,8,,,,
0.042996168,8,4,8,,,,
0.0416255,16,4,8,,,,
0.156924248,32,4,8,,,,
0.937848806,64,4,8,,,,
4.131436348,128,4,8,,,,
20.6800704,256,4,8,,,,
0.03002286,8,8,1,,,,
0.028995991,16,8,1,,,,
0.140243053,32,8,1,,,,
0.923959732,64,8,1,,,,
3.64800334,128,8,1,,,,
24.77887964,256,8,1,,,,
0.030009747,8,8,1,,,,
0.028982162,16,8,1,,,,
0.140217066,32,8,1,,,,
0.923965454,64,8,1,,,,
3.64804554,128,8,1,,,,
24.77895784,256,8,1,,,,
0.030018091,8,8,1,,,,
0.029004097,16,8,1,,,,
0.140240192,32,8,1,,,,
0.923959494,64,8,1,,,,
3.648018122,128,8,1,,,,
24.7789166,256,8,1,,,,
0.030019283,8,8,1,,,,
0.028996468,16,8,1,,,,
0.140240431,32,8,1,,,,
0.923963308,64,8,1,,,,
3.647997141,128,8,1,,,,
24.7789247,256,8,1,,,,
0.0300529,8,8,1,,,,
0.028977156,16,8,1,,,,
0.14021349,32,8,1,,,,
0.92394948,64,8,1,,,,
3.647984505,128,8,1,,,,
24.77790761,256,8,1,,,,
0.030068398,8,8,1,,,,
0.029049397,16,8,1,,,,
0.140229464,32,8,1,,,,
0.923954487,64,8,1,,,,
3.647988558,128,8,1,,,,
24.77790809,256,8,1,,,,
0.030066729,8,8,1,,,,
0.029049635,16,8,1,,,,
0.140230179,32,8,1,,,,
0.92375946,64,8,1,,,,
3.647967577,128,8,1,,,,
24.77792549,256,8,1,,,,
0.030073643,8,8,1,,,,
0.029046297,16,8,1,,,,
0.140227318,32,8,1,,,,
0.92396307,64,8,1,,,,
3.64800477,128,8,1,,,,
24.77793527,256,8,1,,,,
0.031216145,8,8,2,,,,
0.029046297,16,8,2,,,,
0.171123505,32,8,2,,,,
0.84230423,64,8,2,,,,
3.956931591,128,8,2,,,,
22.21072245,256,8,2,,,,
0.031214952,8,8,2,,,,
0.029046297,16,8,2,,,,
0.17111659,32,8,2,,,,
0.842309952,64,8,2,,,,
3.95671916,128,8,2,,,,
22.21071243,256,8,2,,,,
0.031201839,8,8,2,,,,
0.029046297,16,8,2,,,,
0.171118975,32,8,2,,,,
0.842303991,64,8,2,,,,
3.956735134,128,8,2,,,,
22.21076155,256,8,2,,,,
0.031216383,8,8,2,,,,
0.029046059,16,8,2,,,,
0.171118498,32,8,2,,,,
0.842096329,64,8,2,,,,
3.956704617,128,8,2,,,,
22.21075559,256,8,2,,,,
0.031243801,8,8,2,,,,
0.029106855,16,8,2,,,,
0.171116829,32,8,2,,,,
0.842092037,64,8,2,,,,
3.956674814,128,8,2,,,,
22.20963192,256,8,2,,,,
0.031264544,8,8,2,,,,
0.029108047,16,8,2,,,,
0.171110868,32,8,2,,,,
0.842314005,64,8,2,,,,
3.956723452,128,8,2,,,,
22.20955658,256,8,2,,,,
0.031238317,8,8,2,,,,
0.029107094,16,8,2,,,,
0.171117306,32,8,2,,,,
0.842092514,64,8,2,,,,
3.95666194,128,8,2,,,,
22.20964146,256,8,2,,,,
0.031233788,8,8,2,,,,
0.029107094,16,8,2,,,,
0.171117067,32,8,2,,,,
0.842308521,64,8,2,,,,
3.956736326,128,8,2,,,,
22.20967269,256,8,2,,,,
0.037730455,8,8,4,,,,
0.033357859,16,8,4,,,,
0.176364899,32,8,4,,,,
0.914260149,64,8,4,,,,
3.814469576,128,8,4,,,,
28.12238622,256,8,4,,,,
0.037725449,8,8,4,,,,
0.033354282,16,8,4,,,,
0.17636323,32,8,4,,,,
0.914295197,64,8,4,,,,
3.814467907,128,8,4,,,,
28.12241507,256,8,4,,,,
0.037731171,8,8,4,,,,
0.03335309,16,8,4,,,,
0.176363468,32,8,4,,,,
0.914050817,64,8,4,,,,
3.81440568,128,8,4,,,,
28.12245345,256,8,4,,,,
0.037726641,8,8,4,,,,
0.033353567,16,8,4,,,,
0.176368475,32,8,4,,,,
0.914260387,64,8,4,,,,
3.81462431,128,8,4,,,,
28.12244368,256,8,4,,,,
0.037775278,8,8,4,,,,
0.03339839,16,8,4,,,,
0.176358938,32,8,4,,,,
0.914244652,64,8,4,,,,
3.814275026,128,8,4,,,,
28.1213944,256,8,4,,,,
0.037792921,8,8,4,,,,
0.033405781,16,8,4,,,,
0.176339626,32,8,4,,,,
0.914247751,64,8,4,,,,
3.814466953,128,8,4,,,,
28.12139916,256,8,4,,,,
0.037795782,8,8,4,,,,
0.033412457,16,8,4,,,,
0.17636013,32,8,4,,,,
0.914262533,64,8,4,,,,
3.814295292,128,8,4,,,,
28.1213336,256,8,4,,,,
0.037790537,8,8,4,,,,
0.033410788,16,8,4,,,,
0.176352501,32,8,4,,,,
0.914229631,64,8,4,,,,
3.814302206,128,8,4,,,,
28.12135816,256,8,4,,,,
0.040701628,8,16,1,,,,
0.035768986,16,16,1,,,,
0.215620756,32,16,1,,,,
0.823163509,64,16,1,,,,
4.089598417,128,16,1,,,,
31.13743043,256,16,1,,,,
0.040703297,8,16,1,,,,
0.035769701,16,16,1,,,,
0.215581894,32,16,1,,,,
0.823242664,64,16,1,,,,
4.089606285,128,16,1,,,,
31.13742805,256,16,1,,,,
0.040695906,8,16,1,,,,
0.035769463,16,16,1,,,,
0.215620995,32,16,1,,,,
0.823165417,64,16,1,,,,
4.089537621,128,16,1,,,,
31.13717723,256,16,1,,,,
0.040712357,8,16,1,,,,
0.035768986,16,16,1,,,,
0.215624571,32,16,1,,,,
0.823258638,64,16,1,,,,
4.089422464,128,16,1,,,,
31.13743186,256,16,1,,,,
0.040678501,8,16,1,,,,
0.035738707,16,16,1,,,,
0.215621233,32,16,1,,,,
0.8231709,64,16,1,,,,
4.089607954,128,16,1,,,,
31.13740826,256,16,1,,,,
0.04069972,8,16,1,,,,
0.035770178,16,16,1,,,,
0.215670109,32,16,1,,,,
0.823108912,64,16,1,,,,
4.089687109,128,16,1,,,,
31.13741851,256,16,1,,,,
0.040680647,8,16,1,,,,
0.035769463,16,16,1,,,,
0.215675354,32,16,1,,,,
0.823109388,64,16,1,,,,
4.089722395,128,16,1,,,,
31.13744879,256,16,1,,,,
0.040702105,8,16,1,,,,
0.035767794,16,16,1,,,,
0.21561861,32,16,1,,,,
0.823170662,64,16,1,,,,
4.08960247,128,16,1,,,,
31.13740778,256,16,1,,,,
0.040721178,8,16,1,,,,
0.035791874,16,16,1,,,,
0.215612173,32,16,1,,,,
0.823198557,64,16,1,,,,
4.089428425,128,16,1,,,,
31.13689542,256,16,1,,,,
0.040701628,8,16,1,,,,
0.035789728,16,16,1,,,,
0.215611219,32,16,1,,,,
0.823209763,64,16,1,,,,
4.089401245,128,16,1,,,,
31.13698435,256,16,1,,,,
0.040731907,8,16,1,,,,
0.035757542,16,16,1,,,,
0.215574265,32,16,1,,,,
0.82327795,64,16,1,,,,
4.089394093,128,16,1,,,,
31.13688302,256,16,1,,,,
0.040715933,8,16,1,,,,
0.03578949,16,16,1,,,,
0.215610981,32,16,1,,,,
0.823168278,64,16,1,,,,
4.089489698,128,16,1,,,,
31.13691211,256,16,1,,,,
0.040684938,8,16,1,,,,
0.03576684,16,16,1,,,,
0.215568066,32,16,1,,,,
0.822936058,64,16,1,,,,
4.08950901,128,16,1,,,,
31.13687587,256,16,1,,,,
0.040701866,8,16,1,,,,
0.035790205,16,16,1,,,,
0.215649605,32,16,1,,,,
0.823093414,64,16,1,,,,
4.089638233,128,16,1,,,,
31.13623548,256,16,1,,,,
0.040723324,8,16,1,,,,
0.035809278,16,16,1,,,,
0.215572834,32,16,1,,,,
0.823177338,64,16,1,,,,
4.08952713,128,16,1,,,,
31.13668418,256,16,1,,,,
0.040769339,8,16,1,,,,
0.035791636,16,16,1,,,,
0.21556735,32,16,1,,,,
0.822946787,64,16,1,,,,
4.089619398,128,16,1,,,,
31.13704729,256,16,1,,,,
0.052220345,8,16,2,,,,
0.041684866,16,16,2,,,,
0.183572292,32,16,2,,,,
1.020876169,64,16,2,,,,
4.036053419,128,16,2,,,,
28.24891806,256,16,2,,,,
0.052218676,8,16,2,,,,
0.041637897,16,16,2,,,,
0.183538437,32,16,2,,,,
1.020862103,64,16,2,,,,
4.035737753,128,16,2,,,,
28.24881458,256,16,2,,,,
0.052222967,8,16,2,,,,
0.041692495,16,16,2,,,,
0.183596611,32,16,2,,,,
1.020769119,64,16,2,,,,
4.035852194,128,16,2,,,,
28.24880433,256,16,2,,,,
0.052237034,8,16,2,,,,
0.041661978,16,16,2,,,,
0.183573723,32,16,2,,,,
1.020876169,64,16,2,,,,
4.035872459,128,16,2,,,,
28.24887681,256,16,2,,,,
0.052242041,8,16,2,,,,
0.041666269,16,16,2,,,,
0.183564901,32,16,2,,,,
1.020697117,64,16,2,,,,
4.035872698,128,16,2,,,,
28.24884057,256,16,2,,,,
0.052240133,8,16,2,,,,
0.041671753,16,16,2,,,,
0.183565617,32,16,2,,,,
1.020904064,64,16,2,,,,
4.035872936,128,16,2,,,,
28.24889231,256,16,2,,,,
0.052260876,8,16,2,,,,
0.041695595,16,16,2,,,,
0.183537483,32,16,2,,,,
1.020771503,64,16,2,,,,
4.035868406,128,16,2,,,,
28.2488656,256,16,2,,,,
0.052241087,8,16,2,,,,
0.041687965,16,16,2,,,,
0.18356061,32,16,2,,,,
1.02088213,64,16,2,,,,
4.035748243,128,16,2,,,,
28.24789071,256,16,2,,,,
0.052294254,8,16,2,,,,
0.041711569,16,16,2,,,,
0.18351984,32,16,2,,,,
1.020756245,64,16,2,,,,
4.035911798,128,16,2,,,,
28.24837112,256,16,2,,,,
0.052243471,8,16,2,,,,
0.041739225,16,16,2,,,,
0.18351984,32,16,2,,,,
1.02058506,64,16,2,,,,
4.03605938,128,16,2,,,,
28.24854827,256,16,2,,,,
0.052264929,8,16,2,,,,
0.041687965,16,16,2,,,,
0.183618784,32,16,2,,,,
1.020777225,64,16,2,,,,
4.03572464,128,16,2,,,,
28.2480607,256,16,2,,,,
0.052258492,8,16,2,,,,
0.04164052,16,16,2,,,,
0.183635712,32,16,2,,,,
1.020715714,64,16,2,,,,
4.036055803,128,16,2,,,,
28.24893951,256,16,2,,,,
0.052257299,8,16,2,,,,
0.041668653,16,16,2,,,,
0.183536768,32,16,2,,,,
1.020883083,64,16,2,,,,
4.035678148,128,16,2,,,,
28.24841595,256,16,2,,,,
0.052271843,8,16,2,,,,
0.041687727,16,16,2,,,,
0.183559895,32,16,2,,,,
1.020732641,64,16,2,,,,
4.035748243,128,16,2,,,,
28.24835253,256,16,2,,,,
0.05227232,8,16,2,,,,
0.041687965,16,16,2,,,,
0.183618546,32,16,2,,,,
1.02069521,64,16,2,,,,
4.035826445,128,16,2,,,,
28.24838853,256,16,2,,,,
0.052323103,8,16,2,,,,
0.041665077,16,16,2,,,,
0.183559656,32,16,2,,,,
1.020871162,64,16,2,,,,
4.035912514,128,16,2,,,,
28.24829364,256,16,2,,,,
0.022217512,8,1,1,,,,
0.042206287,16,1,1,,,,
0.203253269,32,1,1,,,,
1.049449444,64,1,1,,,,
5.326941252,128,1,1,,,,
25.51145172,256,1,1,,,,
0.02320385,8,1,2,,,,
0.044598341,16,1,2,,,,
0.214930534,32,1,2,,,,
1.135677338,64,1,2,,,,
5.819499493,128,1,2,,,,
28.06434774,256,1,2,,,,
0.022436619,8,1,4,,,,
0.042168379,16,1,4,,,,
0.192909718,32,1,4,,,,
0.918985367,64,1,4,,,,
5.186386824,128,1,4,,,,
25.83565211,256,1,4,,,,
0.022998095,8,1,8,,,,
0.044691086,16,1,8,,,,
0.200455666,32,1,8,,,,
0.939335585,64,1,8,,,,
5.382470846,128,1,8,,,,
26.61922026,256,1,8,,,,
0.023573875,8,1,16,,,,
0.046019793,16,1,16,,,,
0.204921484,32,1,16,,,,
1.266781569,64,1,16,,,,
5.557131052,128,1,16,,,,
26.41931987,256,1,16,,,,
0.024776936,8,1,32,,,,
0.051471472,16,1,32,,,,
0.229160547,32,1,32,,,,
1.114026308,64,1,32,,,,
5.836271286,128,1,32,,,,
27.75223446,256,1,32,,,,
0.027539015,8,2,1,,,,
0.040449619,16,2,1,,,,
0.159217834,32,2,1,,,,
0.782517195,64,2,1,,,,
4.365581512,128,2,1,,,,
20.95585251,256,2,1,,,,
0.027540922,8,2,1,,,,
0.040449142,16,2,1,,,,
0.159217119,32,2,1,,,,
0.782512903,64,2,1,,,,
4.365396023,128,2,1,,,,
20.95550394,256,2,1,,,,
0.028345108,8,2,2,,,,
0.043737411,16,2,2,,,,
0.181825161,32,2,2,,,,
0.912853718,64,2,2,,,,
5.548684835,128,2,2,,,,
24.48175693,256,2,2,,,,
0.028345346,8,2,2,,,,
0.043737173,16,2,2,,,,
0.181820154,32,2,2,,,,
0.912839174,64,2,2,,,,
5.548466444,128,2,2,,,,
24.48056769,256,2,2,,,,
0.027798414,8,2,4,,,,
0.041917801,16,2,4,,,,
0.149968863,32,2,4,,,,
0.838093996,64,2,4,,,,
4.435365677,128,2,4,,,,
21.54494333,256,2,4,,,,
0.0277946,8,2,4,,,,
0.041915894,16,2,4,,,,
0.149968386,32,2,4,,,,
0.83809638,64,2,4,,,,
4.43561244,128,2,4,,,,
21.54566312,256,2,4,,,,
0.028358221,8,2,8,,,,
0.043426752,16,2,8,,,,
0.161272764,32,2,8,,,,
0.831477642,64,2,8,,,,
4.361845016,128,2,8,,,,
20.98846674,256,2,8,,,,
0.028329849,8,2,8,,,,
0.04338026,16,2,8,,,,
0.161227465,32,2,8,,,,
0.831418276,64,2,8,,,,
4.361530066,128,2,8,,,,
20.9879806,256,2,8,,,,
0.028537273,8,2,16,,,,
0.044884682,16,2,16,,,,
0.16520381,32,2,16,,,,
0.857690811,64,2,16,,,,
4.345011234,128,2,16,,,,
21.22301435,256,2,16,,,,
0.028538227,8,2,16,,,,
0.044885397,16,2,16,,,,
0.16520524,32,2,16,,,,
0.857676983,64,2,16,,,,
4.344782114,128,2,16,,,,
21.22271252,256,2,16,,,,
0.02857542,8,4,1,,,,
0.034060478,16,4,1,,,,
0.189120054,32,4,1,,,,
0.891525745,64,4,1,,,,
3.976236343,128,4,1,,,,
18.61523676,256,4,1,,,,
0.028571844,8,4,1,,,,
0.034060001,16,4,1,,,,
0.189120531,32,4,1,,,,
0.891807318,64,4,1,,,,
3.976182222,128,4,1,,,,
18.61498022,256,4,1,,,,
0.028643847,8,4,1,,,,
0.034133911,16,4,1,,,,
0.189112902,32,4,1,,,,
0.891537666,64,4,1,,,,
3.976173878,128,4,1,,,,
18.613199,256,4,1,,,,
0.02863574,8,4,1,,,,
0.034133434,16,4,1,,,,
0.189112425,32,4,1,,,,
0.891536236,64,4,1,,,,
3.976176023,128,4,1,,,,
18.61333823,256,4,1,,,,
0.030728579,8,4,2,,,,
0.034050941,16,4,2,,,,
0.137610912,32,4,2,,,,
0.842642069,64,4,2,,,,
3.562748909,128,4,2,,,,
18.50028491,256,4,2,,,,
0.030730486,8,4,2,,,,
0.034050226,16,4,2,,,,
0.137609482,32,4,2,,,,
0.842644453,64,4,2,,,,
3.562834978,128,4,2,,,,
18.5001843,256,4,2,,,,
0.03078866,8,4,2,,,,
0.034113884,16,4,2,,,,
0.137592554,32,4,2,,,,
0.842637062,64,4,2,,,,
3.562687397,128,4,2,,,,
18.4984417,256,4,2,,,,
0.030783653,8,4,2,,,,
0.034097672,16,4,2,,,,
0.13757062,32,4,2,,,,
0.842622995,64,4,2,,,,
3.562749624,128,4,2,,,,
18.49841046,256,4,2,,,,
0.033787727,8,4,4,,,,
0.033650637,16,4,4,,,,
0.188749313,32,4,4,,,,
0.836326599,64,4,4,,,,
3.878871441,128,4,4,,,,
18.75793743,256,4,4,,,,
0.033786774,8,4,4,,,,
0.03365159,16,4,4,,,,
0.18874836,32,4,4,,,,
0.836289883,64,4,4,,,,
3.878710508,128,4,4,,,,
18.75793481,256,4,4,,,,
0.033851385,8,4,4,,,,
0.033717394,16,4,4,,,,
0.188734293,32,4,4,,,,
0.836313248,64,4,4,,,,
3.878630161,128,4,4,,,,
18.75589228,256,4,4,,,,
0.033852339,8,4,4,,,,
0.033717394,16,4,4,,,,
0.188717842,32,4,4,,,,
0.836313248,64,4,4,,,,
3.878630161,128,4,4,,,,
18.75589681,256,4,4,,,,
0.044850349,8,4,8,,,,
0.038264036,16,4,8,,,,
0.187944174,32,4,8,,,,
0.950049877,64,4,8,,,,
4.309703827,128,4,8,,,,
20.53540802,256,4,8,,,,
0.04486227,8,4,8,,,,
0.038260698,16,4,8,,,,
0.187943459,32,4,8,,,,
0.949776649,64,4,8,,,,
4.309463024,128,4,8,,,,
20.53540516,256,4,8,,,,
0.044905424,8,4,8,,,,
0.038312435,16,4,8,,,,
0.187924862,32,4,8,,,,
0.949772596,64,4,8,,,,
4.309475183,128,4,8,,,,
20.53356171,256,4,8,,,,
0.044892788,8,4,8,,,,
0.038326979,16,4,8,,,,
0.187940836,32,4,8,,,,
0.949999809,64,4,8,,,,
4.309425831,128,4,8,,,,
20.53308415,256,4,8,,,,
0.030244827,8,8,1,,,,
0.02880311,16,8,1,,,,
0.160024643,32,8,1,,,,
0.794101954,64,8,1,,,,
3.869925261,128,8,1,,,,
26.84795022,256,8,1,,,,
0.030240059,8,8,1,,,,
0.028804541,16,8,1,,,,
0.160032511,32,8,1,,,,
0.794313669,64,8,1,,,,
3.86992979,128,8,1,,,,
26.84796453,256,8,1,,,,
0.030227184,8,8,1,,,,
0.028789282,16,8,1,,,,
0.160003662,32,8,1,,,,
0.794277668,64,8,1,,,,
3.869937658,128,8,1,,,,
26.84791327,256,8,1,,,,
0.030238867,8,8,1,,,,
0.028804541,16,8,1,,,,
0.16002655,32,8,1,,,,
0.794319391,64,8,1,,,,
3.86997366,128,8,1,,,,
26.84795642,256,8,1,,,,
0.030288696,8,8,1,,,,
0.028851509,16,8,1,,,,
0.160027504,32,8,1,,,,
0.794296265,64,8,1,,,,
3.869900227,128,8,1,,,,
26.84691143,256,8,1,,,,
0.030288935,8,8,1,,,,
0.028851271,16,8,1,,,,
0.160027742,32,8,1,,,,
0.794291735,64,8,1,,,,
3.869878292,128,8,1,,,,
26.84682298,256,8,1,,,,
0.030290127,8,8,1,,,,
0.028851271,16,8,1,,,,
0.160027266,32,8,1,,,,
0.794091463,64,8,1,,,,
3.869903803,128,8,1,,,,
26.84689331,256,8,1,,,,
0.030287027,8,8,1,,,,
0.028851271,16,8,1,,,,
0.160019875,32,8,1,,,,
0.79409194,64,8,1,,,,
3.869825125,128,8,1,,,,
26.84690189,256,8,1,,,,
0.03052187,8,8,2,,,,
0.029325008,16,8,2,,,,
0.125688314,32,8,2,,,,
0.827470541,64,8,2,,,,
3.797999382,128,8,2,,,,
23.65000081,256,8,2,,,,
0.030508041,8,8,2,,,,
0.029311895,16,8,2,,,,
0.125670433,32,8,2,,,,
0.827257633,64,8,2,,,,
3.798034668,128,8,2,,,,
23.65000606,256,8,2,,,,
0.030525923,8,8,2,,,,
0.029324293,16,8,2,,,,
0.125694752,32,8,2,,,,
0.827474356,64,8,2,,,,
3.798193455,128,8,2,,,,
23.65000224,256,8,2,,,,
0.030519962,8,8,2,,,,
0.029324293,16,8,2,,,,
0.125688553,32,8,2,,,,
0.827257395,64,8,2,,,,
3.797914505,128,8,2,,,,
23.65001822,256,8,2,,,,
0.0305655,8,8,2,,,,
0.029352665,16,8,2,,,,
0.125669479,32,8,2,,,,
0.827480078,64,8,2,,,,
3.797990322,128,8,2,,,,
23.64901519,256,8,2,,,,
0.030579805,8,8,2,,,,
0.029375076,16,8,2,,,,
0.125684023,32,8,2,,,,
0.827259302,64,8,2,,,,
3.798185825,128,8,2,,,,
23.64907336,256,8,2,,,,
0.030583858,8,8,2,,,,
0.029375076,16,8,2,,,,
0.125684023,32,8,2,,,,
0.827259064,64,8,2,,,,
3.798035145,128,8,2,,,,
23.64887214,256,8,2,,,,
0.030576468,8,8,2,,,,
0.029375076,16,8,2,,,,
0.125684023,32,8,2,,,,
0.827492714,64,8,2,,,,
3.797976732,128,8,2,,,,
23.64900398,256,8,2,,,,
0.037893534,8,8,4,,,,
0.033049583,16,8,4,,,,
0.192801714,32,8,4,,,,
0.90051055,64,8,4,,,,
3.823224306,128,8,4,,,,
23.62936568,256,8,4,,,,
0.037882805,8,8,4,,,,
0.033047438,16,8,4,,,,
0.192809105,32,8,4,,,,
0.900525331,64,8,4,,,,
3.823421478,128,8,4,,,,
23.62931418,256,8,4,,,,
0.037890673,8,8,4,,,,
0.03303504,16,8,4,,,,
0.192782402,32,8,4,,,,
0.900523424,64,8,4,,,,
3.823190451,128,8,4,,,,
23.62930918,256,8,4,,,,
0.03788209,8,8,4,,,,
0.033049345,16,8,4,,,,
0.192799091,32,8,4,,,,
0.900517464,64,8,4,,,,
3.823209763,128,8,4,,,,
23.62936711,256,8,4,,,,
0.037910461,8,8,4,,,,
0.033095598,16,8,4,,,,
0.19276619,32,8,4,,,,
0.900513887,64,8,4,,,,
3.823411703,128,8,4,,,,
23.6284399,256,8,4,,,,
0.037902355,8,8,4,,,,
0.03309989,16,8,4,,,,
0.1927917,32,8,4,,,,
0.900526047,64,8,4,,,,
3.823187113,128,8,4,,,,
23.6285274,256,8,4,,,,
0.03790307,8,8,4,,,,
0.033100367,16,8,4,,,,
0.1927917,32,8,4,,,,
0.900521994,64,8,4,,,,
3.823191881,128,8,4,,,,
23.62829542,256,8,4,,,,
0.037920475,8,8,4,,,,
0.033089161,16,8,4,,,,
0.192780495,32,8,4,,,,
0.900528431,64,8,4,,,,
3.823206186,128,8,4,,,,
23.62843847,256,8,4,,,,
0.041921616,8,16,1,,,,
0.035407782,16,16,1,,,,
0.130444765,32,16,1,,,,
0.806724548,64,16,1,,,,
4.278870106,128,16,1,,,,
28.47091699,256,16,1,,,,
0.041922331,8,16,1,,,,
0.035413742,16,16,1,,,,
0.130441666,32,16,1,,,,
0.806759834,64,16,1,,,,
4.278702974,128,16,1,,,,
28.47097421,256,16,1,,,,
0.041902542,8,16,1,,,,
0.035390854,16,16,1,,,,
0.130409718,32,16,1,,,,
0.806852341,64,16,1,,,,
4.278879881,128,16,1,,,,
28.47097874,256,16,1,,,,
0.041924,8,16,1,,,,
0.035409927,16,16,1,,,,
0.130438805,32,16,1,,,,
0.806803226,64,16,1,,,,
4.278877497,128,16,1,,,,
28.47095013,256,16,1,,,,
0.041922092,8,16,1,,,,
0.035412788,16,16,1,,,,
0.130388021,32,16,1,,,,
0.806763887,64,16,1,,,,
4.27887845,128,16,1,,,,
28.47095609,256,16,1,,,,
0.041924715,8,16,1,,,,
0.035410404,16,16,1,,,,
0.130442381,32,16,1,,,,
0.806819916,64,16,1,,,,
4.278707743,128,16,1,,,,
28.47096229,256,16,1,,,,
0.041927576,8,16,1,,,,
0.035410881,16,16,1,,,,
0.130441427,32,16,1,,,,
0.806753635,64,16,1,,,,
4.27888751,128,16,1,,,,
28.47096038,256,16,1,,,,
0.041959524,8,16,1,,,,
0.035426617,16,16,1,,,,
0.130432367,32,16,1,,,,
0.806711912,64,16,1,,,,
4.278907776,128,16,1,,,,
28.46981168,256,16,1,,,,
0.041936398,8,16,1,,,,
0.035440922,16,16,1,,,,
0.130389929,32,16,1,,,,
0.806838989,64,16,1,,,,
4.278670549,128,16,1,,,,
28.47014642,256,16,1,,,,
0.041958094,8,16,1,,,,
0.035429716,16,16,1,,,,
0.130481005,32,16,1,,,,
0.80681777,64,16,1,,,,
4.278781414,128,16,1,,,,
28.46984291,256,16,1,,,,
0.041958809,8,16,1,,,,
0.035439491,16,16,1,,,,
0.130420685,32,16,1,,,,
0.806681871,64,16,1,,,,
4.278945684,128,16,1,,,,
28.47029734,256,16,1,,,,
0.041903973,8,16,1,,,,
0.035410404,16,16,1,,,,
0.130443573,32,16,1,,,,
0.806761503,64,16,1,,,,
4.278905869,128,16,1,,,,
28.47105193,256,16,1,,,,
0.042002439,8,16,1,,,,
0.035411835,16,16,1,,,,
0.13043189,32,16,1,,,,
0.8067379,64,16,1,,,,
4.27893424,128,16,1,,,,
28.46971869,256,16,1,,,,
0.041959286,8,16,1,,,,
0.035427809,16,16,1,,,,
0.130437851,32,16,1,,,,
0.806669712,64,16,1,,,,
4.278803825,128,16,1,,,,
28.47033882,256,16,1,,,,
0.041958094,8,16,1,,,,
0.035429478,16,16,1,,,,
0.130414724,32,16,1,,,,
0.806744576,64,16,1,,,,
4.278839588,128,16,1,,,,
28.47033095,256,16,1,,,,
0.041962385,8,16,1,,,,
0.035459995,16,16,1,,,,
0.130426407,32,16,1,,,,
0.806604385,64,16,1,,,,
4.278846979,128,16,1,,,,
28.47042894,256,16,1,,,,
0.049697876,8,16,2,,,,
0.040376663,16,16,2,,,,
0.210375547,32,16,2,,,,
0.885010958,64,16,2,,,,
4.192300081,128,16,2,,,,
28.5445292,256,16,2,,,,
0.04963851,8,16,2,,,,
0.040354252,16,16,2,,,,
0.21039772,32,16,2,,,,
0.885049582,64,16,2,,,,
4.192290306,128,16,2,,,,
28.54452252,256,16,2,,,,
0.04963994,8,16,2,,,,
0.040346622,16,16,2,,,,
0.210389853,32,16,2,,,,
0.885041952,64,16,2,,,,
4.192298889,128,16,2,,,,
28.54452991,256,16,2,,,,
0.049618483,8,16,2,,,,
0.040356159,16,16,2,,,,
0.21039319,32,16,2,,,,
0.885052681,64,16,2,,,,
4.192306519,128,16,2,,,,
28.54453087,256,16,2,,,,
0.049700975,8,16,2,,,,
0.040323019,16,16,2,,,,
0.210347891,32,16,2,,,,
0.88512969,64,16,2,,,,
4.192232609,128,16,2,,,,
28.54452062,256,16,2,,,,
0.049638748,8,16,2,,,,
0.040359735,16,16,2,,,,
0.210397005,32,16,2,,,,
0.885047674,64,16,2,,,,
4.192418575,128,16,2,,,,
28.54453993,256,16,2,,,,
0.049645424,8,16,2,,,,
0.040376902,16,16,2,,,,
0.210386038,32,16,2,,,,
0.885031939,64,16,2,,,,
4.192308187,128,16,2,,,,
28.54410887,256,16,2,,,,
0.049650669,8,16,2,,,,
0.04042244,16,16,2,,,,
0.210347176,32,16,2,,,,
0.885130644,64,16,2,,,,
4.192266703,128,16,2,,,,
28.54403925,256,16,2,,,,
0.049638748,8,16,2,,,,
0.040350199,16,16,2,,,,
0.210445881,32,16,2,,,,
0.885133505,64,16,2,,,,
4.192575216,128,16,2,,,,
28.54453135,256,16,2,,,,
0.049678326,8,16,2,,,,
0.04034543,16,16,2,,,,
0.210386038,32,16,2,,,,
0.885095358,64,16,2,,,,
4.192276239,128,16,2,,,,
28.5441699,256,16,2,,,,
0.049660921,8,16,2,,,,
0.040426254,16,16,2,,,,
0.210398674,32,16,2,,,,
0.88501668,64,16,2,,,,
4.192276001,128,16,2,,,,
28.54425454,256,16,2,,,,
0.049685001,8,16,2,,,,
0.040347338,16,16,2,,,,
0.210458755,32,16,2,,,,
0.88477397,64,16,2,,,,
4.192499876,128,16,2,,,,
28.54376078,256,16,2,,,,
0.049706936,8,16,2,,,,
0.040347338,16,16,2,,,,
0.210386038,32,16,2,,,,
0.885059118,64,16,2,,,,
4.192297935,128,16,2,,,,
28.54402208,256,16,2,,,,
0.049611807,8,16,2,,,,
0.040351391,16,16,2,,,,
0.210447788,32,16,2,,,,
0.885014534,64,16,2,,,,
4.192532778,128,16,2,,,,
28.54456758,256,16,2,,,,
0.04971838,8,16,2,,,,
0.040423393,16,16,2,,,,
0.210348129,32,16,2,,,,
0.884875536,64,16,2,,,,
4.192556858,128,16,2,,,,
28.54402089,256,16,2,,,,
0.049625874,8,16,2,,,,
0.040385485,16,16,2,,,,
0.210347891,32,16,2,,,,
0.885030508,64,16,2,,,,
4.192334175,128,16,2,,,,
28.54423976,256,16,2,,,,
0.021940231,8,1,1,,,,
0.041097641,16,1,1,,,,
0.211088896,32,1,1,,,,
1.002451658,64,1,1,,,,
5.489398718,128,1,1,,,,
26.22171021,256,1,1,,,,
0.023010015,8,1,2,,,,
0.042731762,16,1,2,,,,
0.212684631,32,1,2,,,,
1.19182539,64,1,2,,,,
5.755208731,128,1,2,,,,
26.9936614,256,1,2,,,,
0.022421837,8,1,4,,,,
0.041784525,16,1,4,,,,
0.201611757,32,1,4,,,,
1.005897045,64,1,4,,,,
5.45751667,128,1,4,,,,
25.43723559,256,1,4,,,,
0.022947788,8,1,8,,,,
0.044351578,16,1,8,,,,
0.204323292,32,1,8,,,,
0.915743351,64,1,8,,,,
5.434364796,128,1,8,,,,
27.17324424,256,1,8,,,,
0.023370504,8,1,16,,,,
0.045957088,16,1,16,,,,
0.214593172,32,1,16,,,,
1.06838727,64,1,16,,,,
5.674577475,128,1,16,,,,
26.36288142,256,1,16,,,,
0.024380684,8,1,32,,,,
0.053282976,16,1,32,,,,
0.233147144,32,1,32,,,,
1.131698132,64,1,32,,,,
6.111308575,128,1,32,,,,
27.59839559,256,1,32,,,,
0.028111935,8,2,1,,,,
0.040924549,16,2,1,,,,
0.155113459,32,2,1,,,,
0.737933874,64,2,1,,,,
4.200778723,128,2,1,,,,
20.77543426,256,2,1,,,,
0.02809,8,2,1,,,,
0.04088521,16,2,1,,,,
0.155074835,32,2,1,,,,
0.737892866,64,2,1,,,,
4.200676918,128,2,1,,,,
20.7747736,256,2,1,,,,
0.028721571,8,2,2,,,,
0.043915987,16,2,2,,,,
0.196819544,32,2,2,,,,
0.947676659,64,2,2,,,,
5.359386444,128,2,2,,,,
24.97351789,256,2,2,,,,
0.028720617,8,2,2,,,,
0.043914795,16,2,2,,,,
0.196817875,32,2,2,,,,
0.947675228,64,2,2,,,,
5.359518766,128,2,2,,,,
24.97406578,256,2,2,,,,
0.027664661,8,2,4,,,,
0.041846275,16,2,4,,,,
0.158490658,32,2,4,,,,
0.789987326,64,2,4,,,,
4.313179493,128,2,4,,,,
21.76072431,256,2,4,,,,
0.027665615,8,2,4,,,,
0.041846037,16,2,4,,,,
0.15849185,32,2,4,,,,
0.789999485,64,2,4,,,,
4.313113213,128,2,4,,,,
21.76025271,256,2,4,,,,
0.028053761,8,2,8,,,,
0.042855263,16,2,8,,,,
0.163115501,32,2,8,,,,
0.779277802,64,2,8,,,,
4.311103582,128,2,8,,,,
21.28113389,256,2,8,,,,
0.028053522,8,2,8,,,,
0.042854071,16,2,8,,,,
0.163122892,32,2,8,,,,
0.779304266,64,2,8,,,,
4.310971498,128,2,8,,,,
21.28056955,256,2,8,,,,
0.028711796,8,2,16,,,,
0.045012712,16,2,16,,,,
0.164485216,32,2,16,,,,
0.762994766,64,2,16,,,,
4.533120871,128,2,16,,,,
21.17417836,256,2,16,,,,
0.028712988,8,2,16,,,,
0.045012951,16,2,16,,,,
0.164483547,32,2,16,,,,
0.762995005,64,2,16,,,,
4.533361197,128,2,16,,,,
21.17456269,256,2,16,,,,
0.029093504,8,4,1,,,,
0.03393054,16,4,1,,,,
0.149022341,32,4,1,,,,
0.967614889,64,4,1,,,,
3.841713667,128,4,1,,,,
19.00710893,256,4,1,,,,
0.029079676,8,4,1,,,,
0.033920288,16,4,1,,,,
0.149004698,32,4,1,,,,
0.967367887,64,4,1,,,,
3.841712952,128,4,1,,,,
19.00711894,256,4,1,,,,
0.029024124,8,4,1,,,,
0.033855915,16,4,1,,,,
0.149045944,32,4,1,,,,
0.967339277,64,4,1,,,,
3.841702461,128,4,1,,,,
19.00500131,256,4,1,,,,
0.02902317,8,4,1,,,,
0.033856869,16,4,1,,,,
0.149037361,32,4,1,,,,
0.967339039,64,4,1,,,,
3.841690302,128,4,1,,,,
19.00495648,256,4,1,,,,
0.028314829,8,4,2,,,,
0.033098698,16,4,2,,,,
0.159471512,32,4,2,,,,
0.875727654,64,4,2,,,,
3.657024622,128,4,2,,,,
18.8327775,256,4,2,,,,
0.028315067,8,4,2,,,,
0.033097982,16,4,2,,,,
0.15947032,32,4,2,,,,
0.875995874,64,4,2,,,,
3.657163143,128,4,2,,,,
18.83281732,256,4,2,,,,
0.028356552,8,4,2,,,,
0.033170938,16,4,2,,,,
0.159473419,32,4,2,,,,
0.875756502,64,4,2,,,,
3.657025337,128,4,2,,,,
18.83073616,256,4,2,,,,
0.028365374,8,4,2,,,,
0.033172369,16,4,2,,,,
0.15947175,32,4,2,,,,
0.875758648,64,4,2,,,,
3.657026529,128,4,2,,,,
18.83061624,256,4,2,,,,
0.032548904,8,4,4,,,,
0.034027338,16,4,4,,,,
0.154973745,32,4,4,,,,
0.894186735,64,4,4,,,,
3.574243069,128,4,4,,,,
18.84045601,256,4,4,,,,
0.032546282,8,4,4,,,,
0.034026384,16,4,4,,,,
0.154973507,32,4,4,,,,
0.894171476,64,4,4,,,,
3.57420373,128,4,4,,,,
18.84039688,256,4,4,,,,
0.032614708,8,4,4,,,,
0.034096241,16,4,4,,,,
0.154975891,32,4,4,,,,
0.894153357,64,4,4,,,,
3.574148178,128,4,4,,,,
18.83826351,256,4,4,,,,
0.032614946,8,4,4,,,,
0.034096241,16,4,4,,,,
0.154975653,32,4,4,,,,
0.894153595,64,4,4,,,,
3.574100494,128,4,4,,,,
18.83818054,256,4,4,,,,
0.043912888,8,4,8,,,,
0.042393446,16,4,8,,,,
0.197509289,32,4,8,,,,
0.975074291,64,4,8,,,,
4.092274904,128,4,8,,,,
20.39008379,256,4,8,,,,
0.043911934,8,4,8,,,,
0.0423913,16,4,8,,,,
0.197511673,32,4,8,,,,
0.975319386,64,4,8,,,,
4.092416286,128,4,8,,,,
20.3901403,256,4,8,,,,
0.043972254,8,4,8,,,,
0.042436838,16,4,8,,,,
0.197493076,32,4,8,,,,
0.975077629,64,4,8,,,,
4.091734171,128,4,8,,,,
20.38812757,256,4,8,,,,
0.043976068,8,4,8,,,,
0.042444706,16,4,8,,,,
0.197493076,32,4,8,,,,
0.97507453,64,4,8,,,,
4.091969728,128,4,8,,,,
20.38820124,256,4,8,,,,
0.030072689,8,8,1,,,,
0.029296875,16,8,1,,,,
0.163942814,32,8,1,,,,
0.874078035,64,8,1,,,,
3.718626261,128,8,1,,,,
22.94950271,256,8,1,,,,
0.030076981,8,8,1,,,,
0.029296875,16,8,1,,,,
0.163938046,32,8,1,,,,
0.874083996,64,8,1,,,,
3.718617439,128,8,1,,,,
22.94952035,256,8,1,,,,
0.030073643,8,8,1,,,,
0.029299021,16,8,1,,,,
0.163938284,32,8,1,,,,
0.874054432,64,8,1,,,,
3.718598843,128,8,1,,,,
22.9495194,256,8,1,,,,
0.03006959,8,8,1,,,,
0.02929759,16,8,1,,,,
0.163938522,32,8,1,,,,
0.87407589,64,8,1,,,,
3.718614578,128,8,1,,,,
22.94951963,256,8,1,,,,
0.030103207,8,8,1,,,,
0.029329538,16,8,1,,,,
0.163923264,32,8,1,,,,
0.874076605,64,8,1,,,,
3.71864748,128,8,1,,,,
22.94845676,256,8,1,,,,
0.030121088,8,8,1,,,,
0.029349804,16,8,1,,,,
0.163930178,32,8,1,,,,
0.874093533,64,8,1,,,,
3.718650818,128,8,1,,,,
22.94846392,256,8,1,,,,
0.03012085,8,8,1,,,,
0.029348373,16,8,1,,,,
0.163923979,32,8,1,,,,
0.874103308,64,8,1,,,,
3.718605995,128,8,1,,,,
22.94846773,256,8,1,,,,
0.030120134,8,8,1,,,,
0.029348612,16,8,1,,,,
0.163929462,32,8,1,,,,
0.873897791,64,8,1,,,,
3.718559504,128,8,1,,,,
22.94845867,256,8,1,,,,
0.031605959,8,8,2,,,,
0.029248714,16,8,2,,,,
0.139015198,32,8,2,,,,
0.860973835,64,8,2,,,,
3.762237072,128,8,2,,,,
21.0525341,256,8,2,,,,
0.031609058,8,8,2,,,,
0.029249668,16,8,2,,,,
0.139006853,32,8,2,,,,
0.860989809,64,8,2,,,,
3.76205349,128,8,2,,,,
21.05253553,256,8,2,,,,
0.031607628,8,8,2,,,,
0.029238224,16,8,2,,,,
0.139007092,32,8,2,,,,
0.860997915,64,8,2,,,,
3.762035131,128,8,2,,,,
21.05251837,256,8,2,,,,
0.031670094,8,8,2,,,,
0.029304266,16,8,2,,,,
0.138995171,32,8,2,,,,
0.860799789,64,8,2,,,,
3.761984587,128,8,2,,,,
21.05156279,256,8,2,,,,
0.031609297,8,8,2,,,,
0.029248476,16,8,2,,,,
0.139007092,32,8,2,,,,
0.86100769,64,8,2,,,,
3.76204133,128,8,2,,,,
21.05251646,256,8,2,,,,
0.031669855,8,8,2,,,,
0.029304504,16,8,2,,,,
0.138995409,32,8,2,,,,
0.860799789,64,8,2,,,,
3.762154341,128,8,2,,,,
21.05145025,256,8,2,,,,
0.031650066,8,8,2,,,,
0.029304504,16,8,2,,,,
0.138995171,32,8,2,,,,
0.860990763,64,8,2,,,,
3.762058258,128,8,2,,,,
21.05150056,256,8,2,,,,
0.031655312,8,8,2,,,,
0.029304266,16,8,2,,,,
0.138948917,32,8,2,,,,
0.86099267,64,8,2,,,,
3.762058258,128,8,2,,,,
21.05156636,256,8,2,,,,
0.047634602,8,8,4,,,,
0.037819386,16,8,4,,,,
0.151981354,32,8,4,,,,
0.890121937,64,8,4,,,,
3.878901243,128,8,4,,,,
27.34568286,256,8,4,,,,
0.047635555,8,8,4,,,,
0.037818432,16,8,4,,,,
0.151975632,32,8,4,,,,
0.89012599,64,8,4,,,,
3.878646612,128,8,4,,,,
27.34564424,256,8,4,,,,
0.047646999,8,8,4,,,,
0.037798405,16,8,4,,,,
0.151952505,32,8,4,,,,
0.890122175,64,8,4,,,,
3.878627539,128,8,4,,,,
27.34567571,256,8,4,,,,
0.047649384,8,8,4,,,,
0.03779006,16,8,4,,,,
0.151981831,32,8,4,,,,
0.89012742,64,8,4,,,,
3.878685951,128,8,4,,,,
27.34566808,256,8,4,,,,
0.047663689,8,8,4,,,,
0.037853241,16,8,4,,,,
0.151968956,32,8,4,,,,
0.889976025,64,8,4,,,,
3.878594875,128,8,4,,,,
27.34509897,256,8,4,,,,
0.04767561,8,8,4,,,,
0.037868977,16,8,4,,,,
0.151968002,32,8,4,,,,
0.889936924,64,8,4,,,,
3.878803968,128,8,4,,,,
27.34515643,256,8,4,,,,
0.047673464,8,8,4,,,,
0.037868261,16,8,4,,,,
0.151968002,32,8,4,,,,
0.890123367,64,8,4,,,,
3.878659964,128,8,4,,,,
27.34521699,256,8,4,,,,
0.047672987,8,8,4,,,,
0.037868023,16,8,4,,,,
0.151967764,32,8,4,,,,
0.890110016,64,8,4,,,,
3.878656387,128,8,4,,,,
27.34516478,256,8,4,,,,
0.043101311,8,16,1,,,,
0.034534216,16,16,1,,,,
0.160509348,32,16,1,,,,
0.890609741,64,16,1,,,,
4.039505482,128,16,1,,,,
29.13396525,256,16,1,,,,
0.043049335,8,16,1,,,,
0.034512997,16,16,1,,,,
0.160561323,32,16,1,,,,
0.890772581,64,16,1,,,,
4.039486408,128,16,1,,,,
29.13398814,256,16,1,,,,
0.043082237,8,16,1,,,,
0.034511328,16,16,1,,,,
0.160494566,32,16,1,,,,
0.890671968,64,16,1,,,,
4.039627075,128,16,1,,,,
29.13404369,256,16,1,,,,
0.043049574,8,16,1,,,,
0.034515619,16,16,1,,,,
0.16049552,32,16,1,,,,
0.890663862,64,16,1,,,,
4.039658785,128,16,1,,,,
29.13392758,256,16,1,,,,
0.043052912,8,16,1,,,,
0.034533978,16,16,1,,,,
0.16044569,32,16,1,,,,
0.890690327,64,16,1,,,,
4.039780855,128,16,1,,,,
29.13390374,256,16,1,,,,
0.04307127,8,16,1,,,,
0.034509182,16,16,1,,,,
0.160547256,32,16,1,,,,
0.890606642,64,16,1,,,,
4.039684534,128,16,1,,,,
29.1338985,256,16,1,,,,
0.043136358,8,16,1,,,,
0.034482479,16,16,1,,,,
0.160493851,32,16,1,,,,
0.890685797,64,16,1,,,,
4.039779186,128,16,1,,,,
29.13389945,256,16,1,,,,
0.043100119,8,16,1,,,,
0.034531116,16,16,1,,,,
0.160479784,32,16,1,,,,
0.8906703,64,16,1,,,,
4.039639473,128,16,1,,,,
29.13357973,256,16,1,,,,
0.043106556,8,16,1,,,,
0.034531832,16,16,1,,,,
0.160480261,32,16,1,,,,
0.890659094,64,16,1,,,,
4.039636612,128,16,1,,,,
29.1334455,256,16,1,,,,
0.043104887,8,16,1,,,,
0.034531832,16,16,1,,,,
0.160480261,32,16,1,,,,
0.89064455,64,16,1,,,,
4.03970933,128,16,1,,,,
29.13342524,256,16,1,,,,
0.04314518,8,16,1,,,,
0.034548521,16,16,1,,,,
0.160492897,32,16,1,,,,
0.89070344,64,16,1,,,,
4.039546251,128,16,1,,,,
29.13304138,256,16,1,,,,
0.043081999,8,16,1,,,,
0.034544706,16,16,1,,,,
0.160480261,32,16,1,,,,
0.890701771,64,16,1,,,,
4.039650917,128,16,1,,,,
29.13327241,256,16,1,,,,
0.043081999,8,16,1,,,,
0.034511328,16,16,1,,,,
0.160493612,32,16,1,,,,
0.890731096,64,16,1,,,,
4.03962183,128,16,1,,,,
29.13404775,256,16,1,,,,
0.043099403,8,16,1,,,,
0.034531832,16,16,1,,,,
0.160532713,32,16,1,,,,
0.890675068,64,16,1,,,,
4.039475918,128,16,1,,,,
29.13322377,256,16,1,,,,
0.043128252,8,16,1,,,,
0.034511566,16,16,1,,,,
0.160467625,32,16,1,,,,
0.890477657,64,16,1,,,,
4.039649963,128,16,1,,,,
29.13271856,256,16,1,,,,
0.043103218,8,16,1,,,,
0.034532309,16,16,1,,,,
0.160503626,32,16,1,,,,
0.89067173,64,16,1,,,,
4.03945756,128,16,1,,,,
29.13343501,256,16,1,,,,
0.046850443,8,16,2,,,,
0.042028189,16,16,2,,,,
0.200797558,32,16,2,,,,
0.92386651,64,16,2,,,,
4.579896212,128,16,2,,,,
30.98826694,256,16,2,,,,
0.046876669,8,16,2,,,,
0.042024851,16,16,2,,,,
0.200800896,32,16,2,,,,
0.923690557,64,16,2,,,,
4.579905748,128,16,2,,,,
30.9883132,256,16,2,,,,
0.046868801,8,16,2,,,,
0.042020798,16,16,2,,,,
0.200797081,32,16,2,,,,
0.923759222,64,16,2,,,,
4.579731703,128,16,2,,,,
30.98826408,256,16,2,,,,
0.046842813,8,16,2,,,,
0.042022705,16,16,2,,,,
0.200799942,32,16,2,,,,
0.923779011,64,16,2,,,,
4.579731464,128,16,2,,,,
30.98830366,256,16,2,,,,
0.046874762,8,16,2,,,,
0.041994333,16,16,2,,,,
0.200802565,32,16,2,,,,
0.923772812,64,16,2,,,,
4.579731464,128,16,2,,,,
30.98838019,256,16,2,,,,
0.046856403,8,16,2,,,,
0.042004585,16,16,2,,,,
0.200768709,32,16,2,,,,
0.92386055,64,16,2,,,,
4.579538822,128,16,2,,,,
30.98830771,256,16,2,,,,
0.046879053,8,16,2,,,,
0.04202652,16,16,2,,,,
0.200846434,32,16,2,,,,
0.92371583,64,16,2,,,,
4.579828978,128,16,2,,,,
30.98832655,256,16,2,,,,
0.046891451,8,16,2,,,,
0.04211235,16,16,2,,,,
0.200836182,32,16,2,,,,
0.923877716,64,16,2,,,,
4.579966545,128,16,2,,,,
30.98721409,256,16,2,,,,
0.046864033,8,16,2,,,,
0.042038202,16,16,2,,,,
0.200788975,32,16,2,,,,
0.923864126,64,16,2,,,,
4.579716921,128,16,2,,,,
30.98720741,256,16,2,,,,
0.046949625,8,16,2,,,,
0.042038202,16,16,2,,,,
0.200743198,32,16,2,,,,
0.923764467,64,16,2,,,,
4.579940081,128,16,2,,,,
30.98770428,256,16,2,,,,
0.046922922,8,16,2,,,,
0.042063951,16,16,2,,,,
0.200789452,32,16,2,,,,
0.923764467,64,16,2,,,,
4.57968998,128,16,2,,,,
30.98775983,256,16,2,,,,
0.046948671,8,16,2,,,,
0.042087317,16,16,2,,,,
0.200795174,32,16,2,,,,
0.923484564,64,16,2,,,,
4.579681873,128,16,2,,,,
30.98780656,256,16,2,,,,
0.046923161,8,16,2,,,,
0.042088032,16,16,2,,,,
0.200743675,32,16,2,,,,
0.923757553,64,16,2,,,,
4.579913855,128,16,2,,,,
30.98742867,256,16,2,,,,
0.046890974,8,16,2,,,,
0.042111397,16,16,2,,,,
0.200789213,32,16,2,,,,
0.923879862,64,16,2,,,,
4.579831362,128,16,2,,,,
30.98786473,256,16,2,,,,
0.046866894,8,16,2,,,,
0.042067766,16,16,2,,,,
0.200807333,32,16,2,,,,
0.923729897,64,16,2,,,,
4.579594851,128,16,2,,,,
30.98770428,256,16,2,,,,
0.046876431,8,16,2,,,,
0.042025566,16,16,2,,,,
0.200862169,32,16,2,,,,
0.923749685,64,16,2,,,,
4.579784632,128,16,2,,,,
30.98801064,256,16,2,,,,